T (K),f (Fixed),R (ohm),X (ohm),Time (s),Cp (pF),Tan_Delta,Eps_Prime,Heater (%),Setpoint (K)
432.5768,10000.00,1.805035e+03,-9.487388e+04,0.008,167.694,1.902563e-02,946.9729,35.16,300.000
432.5412,10000.00,1.814763e+03,-9.489121e+04,1.009,167.662,1.912467e-02,946.7964,37.21,300.000
432.5003,10000.00,1.799722e+03,-9.490120e+04,2.009,167.646,1.896416e-02,946.7025,39.15,300.000
432.4634,10000.00,1.820551e+03,-9.486739e+04,3.010,167.704,1.919048e-02,947.0318,41.14,300.000
432.4272,10000.00,1.818784e+03,-9.492115e+04,4.011,167.609,1.916100e-02,946.4965,43.01,300.000
432.3924,10000.00,1.800389e+03,-9.490053e+04,5.012,167.647,1.897133e-02,946.7090,44.40,300.000
432.3568,10000.00,1.807615e+03,-9.487071e+04,6.013,167.699,1.905346e-02,947.0036,45.74,300.000
432.3264,10000.00,1.781095e+03,-9.489927e+04,7.014,167.650,1.876827e-02,946.7288,46.68,300.000
432.2984,10000.00,1.832669e+03,-9.491075e+04,8.015,167.627,1.930939e-02,946.5948,47.72,300.000
432.2704,10000.00,1.785257e+03,-9.494517e+04,9.015,167.569,1.880303e-02,946.2699,48.37,300.000
432.2470,10000.00,1.827370e+03,-9.499594e+04,10.016,167.477,1.923630e-02,945.7486,48.91,300.000
432.2258,10000.00,1.813235e+03,-9.493469e+04,11.016,167.586,1.909981e-02,946.3637,49.36,300.000
432.2070,10000.00,1.796316e+03,-9.493866e+04,12.017,167.580,1.892081e-02,946.3305,49.40,300.000
432.1897,10000.00,1.787410e+03,-9.496121e+04,13.018,167.541,1.882253e-02,946.1093,49.55,300.000
432.1754,10000.00,1.791879e+03,-9.494261e+04,14.019,167.573,1.887329e-02,946.2929,49.47,300.000
432.1635,10000.00,1.810268e+03,-9.496482e+04,15.019,167.533,1.906251e-02,946.0648,49.14,300.000
432.1537,10000.00,1.814951e+03,-9.489948e+04,16.020,167.648,1.912498e-02,946.7139,48.91,300.000
432.1453,10000.00,1.810348e+03,-9.498015e+04,17.021,167.506,1.906028e-02,945.9122,48.33,300.000
432.1397,10000.00,1.815503e+03,-9.494332e+04,18.021,167.570,1.912197e-02,946.2769,47.76,300.000
432.1359,10000.00,1.768634e+03,-9.497520e+04,19.022,167.517,1.862206e-02,945.9771,47.01,300.000
432.1341,10000.00,1.830591e+03,-9.497108e+04,20.022,167.520,1.927525e-02,945.9947,46.01,300.000
432.1343,10000.00,1.785605e+03,-9.498337e+04,21.023,167.502,1.879913e-02,945.8894,45.19,300.000
432.1355,10000.00,1.820372e+03,-9.499352e+04,22.024,167.481,1.916312e-02,945.7753,44.42,300.000
432.1380,10000.00,1.790423e+03,-9.497326e+04,23.025,167.519,1.885186e-02,945.9883,43.23,300.000
432.1420,10000.00,1.789494e+03,-9.497983e+04,24.025,167.508,1.884078e-02,945.9232,42.36,300.000
432.1465,10000.00,1.773689e+03,-9.497323e+04,25.026,167.520,1.867567e-02,945.9948,41.33,300.000
432.1520,10000.00,1.757938e+03,-9.499397e+04,26.026,167.485,1.850579e-02,945.7942,40.14,300.000
432.1582,10000.00,1.771105e+03,-9.495944e+04,27.027,167.545,1.865117e-02,946.1330,39.16,300.000
432.1654,10000.00,1.808626e+03,-9.502614e+04,28.027,167.425,1.903293e-02,945.4553,37.97,300.000
432.1729,10000.00,1.763325e+03,-9.498182e+04,29.028,167.506,1.856487e-02,945.9132,37.03,300.000
432.1801,10000.00,1.754567e+03,-9.498183e+04,30.028,167.506,1.847266e-02,945.9163,35.96,300.000
432.1876,10000.00,1.862691e+03,-9.502519e+04,31.029,167.423,1.960208e-02,945.4440,34.95,300.000
432.1955,10000.00,1.784307e+03,-9.503848e+04,32.030,167.405,1.877457e-02,945.3418,34.08,300.000
432.2025,10000.00,1.794508e+03,-9.502476e+04,33.030,167.428,1.888464e-02,945.4744,33.13,300.000
432.2095,10000.00,1.838434e+03,-9.504638e+04,34.031,167.387,1.934249e-02,945.2428,32.23,300.000
432.2165,10000.00,1.810985e+03,-9.504340e+04,35.031,167.394,1.905430e-02,945.2829,31.29,300.000
432.2234,10000.00,1.740891e+03,-9.504696e+04,36.032,167.393,1.831611e-02,945.2735,30.58,300.000
432.2289,10000.00,1.778819e+03,-9.507377e+04,37.033,167.343,1.870988e-02,944.9932,29.87,300.000
432.2343,10000.00,1.801553e+03,-9.506026e+04,38.034,167.365,1.895169e-02,945.1189,29.27,300.000
432.2393,10000.00,1.752903e+03,-9.505067e+04,39.035,167.385,1.844177e-02,945.2323,28.52,300.000
432.2430,10000.00,1.771559e+03,-9.505871e+04,40.036,167.370,1.863647e-02,945.1455,28.17,300.000
432.2458,10000.00,1.790645e+03,-9.501639e+04,41.036,167.443,1.884564e-02,945.5591,27.70,300.000
432.2480,10000.00,1.772455e+03,-9.504401e+04,42.037,167.396,1.864878e-02,945.2913,27.29,300.000
432.2496,10000.00,1.793639e+03,-9.506727e+04,43.038,167.353,1.886705e-02,945.0522,26.91,300.000
432.2507,10000.00,1.748744e+03,-9.511095e+04,44.039,167.280,1.838636e-02,944.6351,26.56,300.000
432.2512,10000.00,1.795452e+03,-9.511144e+04,45.040,167.276,1.887735e-02,944.6130,26.31,300.000
432.2506,10000.00,1.802330e+03,-9.507697e+04,46.040,167.336,1.895654e-02,944.9526,26.00,300.000
432.2492,10000.00,1.776870e+03,-9.505668e+04,47.041,167.373,1.869274e-02,945.1637,26.00,300.000
432.2469,10000.00,1.788074e+03,-9.508604e+04,48.041,167.321,1.880480e-02,944.8679,25.93,300.000
432.2434,10000.00,1.839106e+03,-9.511429e+04,49.042,167.268,1.933575e-02,944.5681,25.99,300.000
432.2391,10000.00,1.799812e+03,-9.512659e+04,50.043,167.249,1.892018e-02,944.4610,25.98,300.000
432.2339,10000.00,1.786626e+03,-9.508765e+04,51.044,167.318,1.878925e-02,944.8525,26.15,300.000
432.2284,10000.00,1.737524e+03,-9.507298e+04,52.046,167.347,1.827569e-02,945.0162,26.18,300.000
432.2224,10000.00,1.753576e+03,-9.506622e+04,53.046,167.358,1.844584e-02,945.0775,26.40,300.000
432.2149,10000.00,1.786841e+03,-9.509930e+04,54.046,167.298,1.878921e-02,944.7367,26.48,300.000
432.2078,10000.00,1.815322e+03,-9.509244e+04,55.047,167.308,1.909008e-02,944.7941,26.69,300.000
432.2003,10000.00,1.788126e+03,-9.509302e+04,56.047,167.308,1.880397e-02,944.7986,26.79,300.000
432.1926,10000.00,1.757985e+03,-9.517420e+04,57.048,167.168,1.847123e-02,944.0044,27.11,300.000
432.1835,10000.00,1.818266e+03,-9.516579e+04,58.049,167.179,1.910630e-02,944.0653,27.36,300.000
432.1747,10000.00,1.802103e+03,-9.513371e+04,59.049,167.236,1.894284e-02,944.3895,27.54,300.000
432.1660,10000.00,1.805097e+03,-9.512098e+04,60.050,167.258,1.897685e-02,944.5147,27.73,300.000
432.1566,10000.00,1.819458e+03,-9.514705e+04,61.050,167.211,1.912259e-02,944.2507,28.08,300.000
432.1466,10000.00,1.778783e+03,-9.514708e+04,62.050,167.214,1.869509e-02,944.2656,28.20,300.000
432.1372,10000.00,1.771708e+03,-9.515918e+04,63.050,167.193,1.861836e-02,944.1483,28.55,300.000
432.1272,10000.00,1.821625e+03,-9.518172e+04,64.051,167.150,1.913839e-02,943.9061,28.90,300.000
432.1170,10000.00,1.824132e+03,-9.518509e+04,65.052,167.144,1.916405e-02,943.8718,29.19,300.000
432.1063,10000.00,1.801399e+03,-9.518169e+04,66.053,167.152,1.892590e-02,943.9141,29.32,300.000
432.0965,10000.00,1.822128e+03,-9.517879e+04,67.053,167.156,1.914427e-02,943.9350,29.57,300.000
432.0864,10000.00,1.847350e+03,-9.525195e+04,68.054,167.026,1.939435e-02,943.2009,29.96,300.000
432.0754,10000.00,1.851286e+03,-9.517319e+04,69.055,167.163,1.945176e-02,943.9793,30.19,300.000
432.0649,10000.00,1.795912e+03,-9.521084e+04,70.055,167.101,1.886247e-02,943.6273,30.57,300.000
432.0543,10000.00,1.791006e+03,-9.517245e+04,71.056,167.169,1.881853e-02,944.0095,30.79,300.000
432.0443,10000.00,1.816986e+03,-9.521493e+04,72.056,167.092,1.908299e-02,943.5789,30.93,300.000
432.0339,10000.00,1.823658e+03,-9.516134e+04,73.056,167.186,1.916385e-02,944.1074,31.03,300.000
432.0245,10000.00,1.787228e+03,-9.520053e+04,74.057,167.120,1.877330e-02,943.7327,31.10,300.000
432.0156,10000.00,1.854497e+03,-9.520232e+04,75.057,167.112,1.947954e-02,943.6895,31.22,300.000
432.0068,10000.00,1.798072e+03,-9.525043e+04,76.058,167.032,1.887731e-02,943.2346,31.52,300.000
431.9969,10000.00,1.795781e+03,-9.517611e+04,77.058,167.162,1.886798e-02,943.9715,31.63,300.000
431.9884,10000.00,1.805651e+03,-9.523532e+04,78.059,167.058,1.895989e-02,943.3813,31.46,300.000
431.9805,10000.00,1.785279e+03,-9.523069e+04,79.059,167.067,1.874689e-02,943.4348,31.51,300.000
431.9723,10000.00,1.808881e+03,-9.524653e+04,80.060,167.038,1.899157e-02,943.2691,31.99,300.000
431.9630,10000.00,1.798184e+03,-9.517872e+04,81.061,167.157,1.889271e-02,943.9447,31.96,300.000
431.9546,10000.00,1.819358e+03,-9.523849e+04,82.061,167.051,1.910318e-02,943.3448,32.14,300.000
431.9464,10000.00,1.803774e+03,-9.526581e+04,83.063,167.004,1.893412e-02,943.0803,31.95,300.000
431.9383,10000.00,1.782365e+03,-9.523879e+04,84.063,167.053,1.871470e-02,943.3557,32.14,300.000
431.9305,10000.00,1.795320e+03,-9.521117e+04,85.064,167.101,1.885619e-02,943.6243,32.15,300.000
431.9227,10000.00,1.762769e+03,-9.522052e+04,86.065,167.086,1.851249e-02,943.5438,32.30,300.000
431.9156,10000.00,1.769513e+03,-9.524838e+04,87.065,167.037,1.857788e-02,943.2655,32.09,300.000
431.9078,10000.00,1.788111e+03,-9.525301e+04,88.066,167.028,1.877223e-02,943.2128,32.29,300.000
431.9007,10000.00,1.757236e+03,-9.527502e+04,89.066,166.991,1.844383e-02,943.0064,32.15,300.000
431.8939,10000.00,1.803624e+03,-9.528828e+04,90.066,166.965,1.892808e-02,942.8581,32.35,300.000
431.8871,10000.00,1.765900e+03,-9.522240e+04,91.067,167.083,1.854501e-02,943.5240,31.90,300.000
431.8807,10000.00,1.813336e+03,-9.523155e+04,92.068,167.064,1.904134e-02,943.4157,31.83,300.000
431.8749,10000.00,1.777802e+03,-9.527779e+04,93.068,166.985,1.865914e-02,942.9715,31.88,300.000
431.8688,10000.00,1.776262e+03,-9.523667e+04,94.069,167.057,1.865103e-02,943.3789,31.94,300.000
431.8625,10000.00,1.807364e+03,-9.522573e+04,95.070,167.074,1.897979e-02,943.4756,31.80,300.000
431.8561,10000.00,1.746904e+03,-9.525788e+04,96.070,167.022,1.833868e-02,943.1797,31.70,300.000
431.8505,10000.00,1.797365e+03,-9.527496e+04,97.070,166.989,1.886503e-02,942.9922,31.55,300.000
431.8450,10000.00,1.815676e+03,-9.529271e+04,98.070,166.956,1.905367e-02,942.8098,31.61,300.000
431.8394,10000.00,1.769664e+03,-9.529386e+04,99.071,166.957,1.857060e-02,942.8156,31.42,300.000
431.8337,10000.00,1.763460e+03,-9.525169e+04,100.071,167.032,1.851369e-02,943.2349,31.21,300.000
431.8284,10000.00,1.799470e+03,-9.529176e+04,101.072,166.959,1.888379e-02,942.8253,31.42,300.000
431.8220,10000.00,1.812085e+03,-9.524758e+04,102.073,167.036,1.902500e-02,943.2576,31.47,300.000
431.8154,10000.00,1.758673e+03,-9.531619e+04,103.073,166.919,1.845094e-02,942.5989,31.28,300.000
431.8098,10000.00,1.800814e+03,-9.531734e+04,104.074,166.914,1.889283e-02,942.5719,31.16,300.000
431.8041,10000.00,1.808711e+03,-9.531981e+04,105.075,166.909,1.897518e-02,942.5446,31.13,300.000
431.7986,10000.00,1.815774e+03,-9.531424e+04,106.076,166.919,1.905040e-02,942.5970,31.19,300.000
431.7924,10000.00,1.792402e+03,-9.526988e+04,107.076,166.998,1.881394e-02,943.0443,31.01,300.000
431.7868,10000.00,1.769667e+03,-9.531891e+04,108.077,166.913,1.856575e-02,942.5680,30.91,300.000
431.7815,10000.00,1.801091e+03,-9.531346e+04,109.077,166.921,1.889650e-02,942.6102,30.84,300.000
431.7757,10000.00,1.775957e+03,-9.532608e+04,110.078,166.901,1.863034e-02,942.4948,30.90,300.000
431.7695,10000.00,1.813238e+03,-9.534890e+04,111.079,166.858,1.901687e-02,942.2555,30.75,300.000
431.7637,10000.00,1.778707e+03,-9.531397e+04,112.080,166.922,1.866156e-02,942.6134,30.73,300.000
431.7580,10000.00,1.727105e+03,-9.529158e+04,113.080,166.964,1.812442e-02,942.8535,30.66,300.000
431.7526,10000.00,1.819353e+03,-9.532147e+04,114.081,166.906,1.908650e-02,942.5242,30.55,300.000
431.7465,10000.00,1.798795e+03,-9.536568e+04,115.081,166.830,1.886208e-02,942.0952,30.45,300.000
431.7409,10000.00,1.843567e+03,-9.533300e+04,116.082,166.884,1.933818e-02,942.4011,30.37,300.000
431.7353,10000.00,1.791421e+03,-9.534307e+04,117.083,166.870,1.878921e-02,942.3212,30.40,300.000
431.7288,10000.00,1.824655e+03,-9.532489e+04,118.083,166.899,1.914143e-02,942.4884,30.43,300.000
431.7225,10000.00,1.790500e+03,-9.537995e+04,119.083,166.805,1.877229e-02,941.9575,30.67,300.000
431.7158,10000.00,1.806982e+03,-9.532646e+04,120.084,166.898,1.895572e-02,942.4795,30.63,300.000
431.7090,10000.00,1.802322e+03,-9.536786e+04,121.085,166.826,1.889863e-02,942.0724,30.70,300.000
431.7015,10000.00,1.787443e+03,-9.533671e+04,122.086,166.881,1.874874e-02,942.3855,30.73,300.000
431.6950,10000.00,1.784829e+03,-9.534680e+04,123.086,166.864,1.871934e-02,942.2868,30.56,300.000
431.6885,10000.00,1.773993e+03,-9.537472e+04,124.087,166.816,1.860024e-02,942.0152,30.64,300.000
431.6819,10000.00,1.829804e+03,-9.534695e+04,125.088,166.860,1.919101e-02,942.2685,30.72,300.000
431.6743,10000.00,1.784856e+03,-9.532090e+04,126.088,166.909,1.872471e-02,942.5427,30.81,300.000
431.6677,10000.00,1.774906e+03,-9.536011e+04,127.088,166.841,1.861267e-02,942.1591,30.61,300.000
431.6616,10000.00,1.829019e+03,-9.536881e+04,128.089,166.822,1.917838e-02,942.0530,30.54,300.000
431.6548,10000.00,1.810033e+03,-9.542536e+04,129.089,166.725,1.896805e-02,941.5023,30.57,300.000
431.6484,10000.00,1.756461e+03,-9.537336e+04,130.090,166.819,1.841668e-02,942.0350,30.62,300.000
431.6419,10000.00,1.824208e+03,-9.538013e+04,131.090,166.803,1.912566e-02,941.9431,30.65,300.000
431.6350,10000.00,1.810432e+03,-9.539389e+04,132.091,166.780,1.897849e-02,941.8125,30.79,300.000
431.6276,10000.00,1.753529e+03,-9.535953e+04,133.092,166.843,1.838861e-02,942.1726,30.77,300.000
431.6213,10000.00,1.772559e+03,-9.532474e+04,134.093,166.903,1.859495e-02,942.5093,30.62,300.000
431.6142,10000.00,1.775993e+03,-9.544113e+04,135.094,166.699,1.860826e-02,941.3594,30.84,300.000
431.6074,10000.00,1.793385e+03,-9.539278e+04,136.095,166.783,1.880001e-02,941.8298,30.69,300.000
431.6001,10000.00,1.800289e+03,-9.536035e+04,137.095,166.839,1.887880e-02,942.1473,30.78,300.000
431.5935,10000.00,1.800626e+03,-9.543194e+04,138.096,166.714,1.886817e-02,941.4409,30.57,300.000
431.5876,10000.00,1.811085e+03,-9.541831e+04,139.097,166.737,1.898048e-02,941.5714,30.52,300.000
431.5813,10000.00,1.819834e+03,-9.541839e+04,140.097,166.736,1.907215e-02,941.5673,30.67,300.000
431.5742,10000.00,1.805538e+03,-9.540352e+04,141.098,166.763,1.892528e-02,941.7193,30.63,300.000
431.5677,10000.00,1.789124e+03,-9.543754e+04,142.098,166.705,1.874654e-02,941.3900,30.66,300.000
431.5612,10000.00,1.809937e+03,-9.543523e+04,143.099,166.708,1.896508e-02,941.4050,30.64,300.000
431.5538,10000.00,1.790750e+03,-9.548234e+04,144.099,166.627,1.875478e-02,940.9480,30.97,300.000
431.5464,10000.00,1.742962e+03,-9.543804e+04,145.100,166.707,1.826276e-02,941.4019,31.03,300.000
431.5390,10000.00,1.810054e+03,-9.540032e+04,146.100,166.768,1.897325e-02,941.7492,30.97,300.000
431.5321,10000.00,1.834478e+03,-9.543735e+04,147.101,166.702,1.922180e-02,941.3749,31.01,300.000
431.5245,10000.00,1.763413e+03,-9.546357e+04,148.101,166.661,1.847210e-02,941.1429,31.09,300.000
431.5175,10000.00,1.802218e+03,-9.543687e+04,149.102,166.705,1.888388e-02,941.3917,31.10,300.000
431.5107,10000.00,1.789027e+03,-9.545408e+04,150.102,166.676,1.874228e-02,941.2270,30.87,300.000
431.5041,10000.00,1.768577e+03,-9.545169e+04,151.102,166.682,1.852850e-02,941.2581,30.96,300.000
431.4968,10000.00,1.798409e+03,-9.542730e+04,152.103,166.722,1.884585e-02,941.4875,31.10,300.000
431.4898,10000.00,1.735949e+03,-9.542038e+04,153.104,166.738,1.819264e-02,941.5785,31.11,300.000
431.4829,10000.00,1.801752e+03,-9.544069e+04,154.104,166.699,1.887824e-02,941.3542,31.01,300.000
431.4764,10000.00,1.772681e+03,-9.543274e+04,155.105,166.714,1.857519e-02,941.4433,30.98,300.000
431.4691,10000.00,1.804543e+03,-9.540918e+04,156.105,166.753,1.891373e-02,941.6639,31.21,300.000
431.4623,10000.00,1.831691e+03,-9.544316e+04,157.106,166.692,1.919143e-02,941.3187,31.11,300.000
431.4554,10000.00,1.794997e+03,-9.541883e+04,158.106,166.737,1.881177e-02,941.5723,31.20,300.000
431.4476,10000.00,1.832236e+03,-9.542434e+04,159.107,166.725,1.920093e-02,941.5040,31.17,300.000
431.4411,10000.00,1.781879e+03,-9.543550e+04,160.107,166.709,1.867103e-02,941.4128,31.18,300.000
431.4346,10000.00,1.808689e+03,-9.543140e+04,161.108,166.714,1.895277e-02,941.4432,31.03,300.000
431.4279,10000.00,1.820449e+03,-9.547747e+04,162.108,166.633,1.906679e-02,940.9849,31.25,300.000
431.4204,10000.00,1.806326e+03,-9.545255e+04,163.109,166.678,1.892381e-02,941.2357,31.25,300.000
431.4132,10000.00,1.807040e+03,-9.542938e+04,164.109,166.718,1.893589e-02,941.4638,31.40,300.000
431.4066,10000.00,1.794409e+03,-9.544968e+04,165.110,166.683,1.879953e-02,941.2684,31.17,300.000
431.3999,10000.00,1.812475e+03,-9.548683e+04,166.110,166.617,1.898141e-02,940.8957,31.29,300.000
431.3930,10000.00,1.816742e+03,-9.544637e+04,167.111,166.688,1.903417e-02,941.2927,31.07,300.000
431.3871,10000.00,1.762762e+03,-9.544846e+04,168.112,166.688,1.846821e-02,941.2920,30.97,300.000
431.3812,10000.00,1.802796e+03,-9.547431e+04,169.113,166.640,1.888252e-02,941.0226,30.90,300.000
431.3742,10000.00,1.842563e+03,-9.549911e+04,170.114,166.594,1.929403e-02,940.7635,31.20,300.000
431.3674,10000.00,1.783735e+03,-9.549370e+04,171.114,166.607,1.867909e-02,940.8387,31.19,300.000
431.3604,10000.00,1.814970e+03,-9.546646e+04,172.115,166.653,1.901160e-02,941.0954,31.27,300.000
431.3542,10000.00,1.803812e+03,-9.550637e+04,173.115,166.584,1.888682e-02,940.7066,30.92,300.000
431.3479,10000.00,1.789826e+03,-9.546019e+04,174.116,166.665,1.874945e-02,941.1665,30.84,300.000
431.3420,10000.00,1.768025e+03,-9.548670e+04,175.117,166.620,1.851593e-02,940.9134,30.91,300.000
431.3358,10000.00,1.776688e+03,-9.554255e+04,176.117,166.523,1.859578e-02,940.3606,30.97,300.000
431.3293,10000.00,1.821998e+03,-9.548873e+04,177.118,166.613,1.908076e-02,940.8734,30.95,300.000
431.3225,10000.00,1.822252e+03,-9.549266e+04,178.118,166.607,1.908264e-02,940.8346,30.86,300.000
431.3163,10000.00,1.806545e+03,-9.553180e+04,179.120,166.539,1.891040e-02,940.4553,30.90,300.000
431.3101,10000.00,1.828828e+03,-9.551372e+04,180.120,166.569,1.914728e-02,940.6249,30.87,300.000
431.3038,10000.00,1.824385e+03,-9.551014e+04,181.120,166.576,1.910148e-02,940.6618,30.93,300.000
431.2970,10000.00,1.823437e+03,-9.551320e+04,182.121,166.571,1.909094e-02,940.6320,30.73,300.000
431.2908,10000.00,1.849002e+03,-9.558557e+04,183.122,166.443,1.934394e-02,939.9107,30.79,300.000
431.2847,10000.00,1.821093e+03,-9.552770e+04,184.123,166.546,1.906351e-02,940.4902,30.56,300.000
431.2783,10000.00,1.821559e+03,-9.549377e+04,185.123,166.605,1.907516e-02,940.8240,30.67,300.000
431.2723,10000.00,1.768975e+03,-9.553207e+04,186.123,166.541,1.851708e-02,940.4665,30.75,300.000
431.2659,10000.00,1.841290e+03,-9.549149e+04,187.124,166.607,1.928224e-02,940.8390,30.56,300.000
431.2602,10000.00,1.806560e+03,-9.550252e+04,188.124,166.590,1.891636e-02,940.7434,30.56,300.000
431.2533,10000.00,1.789748e+03,-9.551786e+04,189.125,166.565,1.873731e-02,940.5987,30.69,300.000
431.2468,10000.00,1.850203e+03,-9.557581e+04,190.125,166.460,1.935849e-02,940.0062,30.69,300.000
431.2400,10000.00,1.821504e+03,-9.555463e+04,191.126,166.499,1.906244e-02,940.2252,30.87,300.000
431.2330,10000.00,1.784299e+03,-9.554497e+04,192.126,166.518,1.867497e-02,940.3340,30.82,300.000
431.2258,10000.00,1.785681e+03,-9.548703e+04,193.126,166.619,1.870077e-02,940.9037,30.70,300.000
431.2191,10000.00,1.814010e+03,-9.554384e+04,194.127,166.518,1.898615e-02,940.3341,30.87,300.000
431.2120,10000.00,1.808008e+03,-9.554380e+04,195.128,166.518,1.892334e-02,940.3367,30.88,300.000
431.2052,10000.00,1.801335e+03,-9.549958e+04,196.129,166.596,1.886223e-02,940.7743,30.88,300.000
431.1982,10000.00,1.770721e+03,-9.555505e+04,197.129,166.501,1.853090e-02,940.2398,30.72,300.000
431.1916,10000.00,1.800680e+03,-9.552557e+04,198.130,166.551,1.885024e-02,940.5188,30.83,300.000
431.1846,10000.00,1.810161e+03,-9.552898e+04,199.130,166.544,1.894882e-02,940.4817,30.91,300.000
431.1779,10000.00,1.830829e+03,-9.555258e+04,200.131,166.502,1.916044e-02,940.2419,30.87,300.000
431.1705,10000.00,1.787877e+03,-9.557168e+04,201.131,166.471,1.870718e-02,940.0701,30.99,300.000
431.1638,10000.00,1.768217e+03,-9.559768e+04,202.133,166.427,1.849644e-02,939.8218,30.82,300.000
431.1574,10000.00,1.819481e+03,-9.558324e+04,203.133,166.449,1.903557e-02,939.9447,30.93,300.000
431.1503,10000.00,1.724578e+03,-9.558216e+04,204.134,166.457,1.804289e-02,939.9899,31.13,300.000
431.1428,10000.00,1.811251e+03,-9.553782e+04,205.134,166.529,1.895847e-02,940.3944,31.05,300.000
431.1358,10000.00,1.812153e+03,-9.555499e+04,206.134,166.499,1.896450e-02,940.2252,31.02,300.000
431.1291,10000.00,1.789516e+03,-9.553203e+04,207.135,166.540,1.873210e-02,940.4594,31.00,300.000
431.1219,10000.00,1.806920e+03,-9.559588e+04,208.135,166.428,1.890165e-02,939.8252,31.04,300.000
431.1153,10000.00,1.819072e+03,-9.557737e+04,209.135,166.459,1.903246e-02,940.0026,30.88,300.000
431.1092,10000.00,1.788632e+03,-9.560942e+04,210.136,166.405,1.870770e-02,939.6990,30.67,300.000
431.1033,10000.00,1.813572e+03,-9.562901e+04,211.136,166.370,1.896466e-02,939.4974,30.77,300.000
431.0965,10000.00,1.804493e+03,-9.559968e+04,212.137,166.421,1.887551e-02,939.7888,30.87,300.000
431.0900,10000.00,1.837329e+03,-9.565054e+04,213.137,166.331,1.920877e-02,939.2772,30.89,300.000
431.0836,10000.00,1.805101e+03,-9.555773e+04,214.137,166.494,1.889016e-02,940.2008,30.80,300.000
431.0775,10000.00,1.765290e+03,-9.564619e+04,215.138,166.343,1.845646e-02,939.3465,30.73,300.000
431.0706,10000.00,1.793214e+03,-9.563184e+04,216.139,166.366,1.875122e-02,939.4771,30.73,300.000
431.0645,10000.00,1.871160e+03,-9.558863e+04,217.139,166.436,1.957513e-02,939.8722,30.69,300.000
431.0578,10000.00,1.841991e+03,-9.567505e+04,218.140,166.288,1.925257e-02,939.0350,30.92,300.000
431.0510,10000.00,1.779427e+03,-9.558388e+04,219.141,166.450,1.861639e-02,939.9533,30.81,300.000
431.0439,10000.00,1.825575e+03,-9.558375e+04,220.141,166.448,1.909922e-02,939.9374,30.74,300.000
431.0376,10000.00,1.810667e+03,-9.561012e+04,221.142,166.403,1.893803e-02,939.6840,30.76,300.000
431.0313,10000.00,1.787777e+03,-9.564211e+04,222.143,166.349,1.869236e-02,939.3783,30.60,300.000
431.0246,10000.00,1.794595e+03,-9.558460e+04,223.144,166.448,1.877494e-02,939.9406,30.68,300.000
431.0182,10000.00,1.833471e+03,-9.559764e+04,224.144,166.423,1.917904e-02,939.7980,30.75,300.000
431.0116,10000.00,1.774523e+03,-9.565224e+04,225.144,166.332,1.855182e-02,939.2838,30.75,300.000
431.0052,10000.00,1.784704e+03,-9.562397e+04,226.145,166.380,1.866377e-02,939.5575,30.62,300.000
430.9984,10000.00,1.797002e+03,-9.561592e+04,227.145,166.394,1.879396e-02,939.6321,30.55,300.000
430.9923,10000.00,1.818269e+03,-9.560696e+04,228.146,166.408,1.901817e-02,939.7122,30.59,300.000
430.9860,10000.00,1.769204e+03,-9.568874e+04,229.146,166.269,1.848916e-02,938.9277,30.63,300.000
430.9794,10000.00,1.803841e+03,-9.560889e+04,230.147,166.405,1.886688e-02,939.6986,30.69,300.000
430.9723,10000.00,1.801785e+03,-9.561790e+04,231.147,166.390,1.884360e-02,939.6108,30.66,300.000
430.9653,10000.00,1.797895e+03,-9.566725e+04,232.148,166.304,1.879321e-02,939.1279,30.76,300.000
430.9586,10000.00,1.795177e+03,-9.565531e+04,233.149,166.325,1.876714e-02,939.2461,30.83,300.000
430.9518,10000.00,1.804792e+03,-9.565707e+04,234.149,166.322,1.886731e-02,939.2253,30.71,300.000
430.9449,10000.00,1.826543e+03,-9.564172e+04,235.150,166.347,1.909776e-02,939.3678,30.70,300.000
430.9381,10000.00,1.786717e+03,-9.567588e+04,236.151,166.290,1.867469e-02,939.0474,30.83,300.000
430.9315,10000.00,1.842701e+03,-9.563065e+04,237.151,166.365,1.926894e-02,939.4704,30.61,300.000
430.9247,10000.00,1.821436e+03,-9.567082e+04,238.152,166.297,1.903857e-02,939.0842,30.58,300.000
430.9187,10000.00,1.806489e+03,-9.568794e+04,239.152,166.268,1.887896e-02,938.9218,30.55,300.000
430.9127,10000.00,1.828183e+03,-9.560782e+04,240.152,166.406,1.912169e-02,939.7000,30.44,300.000
430.9065,10000.00,1.806991e+03,-9.565800e+04,241.153,166.320,1.889012e-02,939.2153,30.44,300.000
430.9000,10000.00,1.815626e+03,-9.567497e+04,242.153,166.290,1.897702e-02,939.0456,30.51,300.000
430.8931,10000.00,1.822322e+03,-9.560300e+04,243.154,166.414,1.906135e-02,939.7495,30.75,300.000
430.8860,10000.00,1.798160e+03,-9.567392e+04,244.154,166.293,1.879467e-02,939.0624,30.71,300.000
430.8791,10000.00,1.767193e+03,-9.572672e+04,245.155,166.203,1.846081e-02,938.5561,30.72,300.000
430.8718,10000.00,1.815012e+03,-9.568433e+04,246.155,166.274,1.896875e-02,938.9541,30.72,300.000
430.8649,10000.00,1.825871e+03,-9.569254e+04,247.156,166.259,1.908060e-02,938.8695,30.77,300.000
430.8581,10000.00,1.809619e+03,-9.570460e+04,248.156,166.239,1.890838e-02,938.7573,30.85,300.000
430.8510,10000.00,1.789200e+03,-9.566178e+04,249.156,166.314,1.870339e-02,939.1848,30.78,300.000
430.8437,10000.00,1.811349e+03,-9.568609e+04,250.157,166.271,1.893012e-02,938.9382,30.88,300.000
430.8368,10000.00,1.813793e+03,-9.570129e+04,251.157,166.244,1.895265e-02,938.7882,30.74,300.000
430.8301,10000.00,1.811428e+03,-9.574570e+04,252.158,166.167,1.891916e-02,938.3540,30.95,300.000
430.8224,10000.00,1.780676e+03,-9.569838e+04,253.158,166.251,1.860717e-02,938.8290,31.01,300.000
430.8154,10000.00,1.787564e+03,-9.572513e+04,254.159,166.204,1.867393e-02,938.5643,30.97,300.000
430.8085,10000.00,1.828345e+03,-9.564997e+04,255.159,166.332,1.911496e-02,939.2861,31.03,300.000
430.8015,10000.00,1.813246e+03,-9.575187e+04,256.160,166.156,1.893693e-02,938.2929,30.94,300.000
430.7942,10000.00,1.798827e+03,-9.569009e+04,257.160,166.265,1.879847e-02,938.9036,30.90,300.000
430.7878,10000.00,1.790996e+03,-9.567670e+04,258.161,166.288,1.871925e-02,939.0378,30.83,300.000
430.7815,10000.00,1.816652e+03,-9.577726e+04,259.161,166.112,1.896747e-02,938.0431,30.80,300.000
430.7750,10000.00,1.799313e+03,-9.571903e+04,260.162,166.214,1.879786e-02,938.6197,30.90,300.000
430.7679,10000.00,1.795860e+03,-9.568493e+04,261.162,166.274,1.876847e-02,938.9553,30.95,300.000
430.7612,10000.00,1.788541e+03,-9.570149e+04,262.163,166.245,1.868875e-02,938.7956,30.88,300.000
430.7547,10000.00,1.844528e+03,-9.572877e+04,263.163,166.194,1.926827e-02,938.5074,30.80,300.000
430.7485,10000.00,1.786589e+03,-9.571621e+04,264.164,166.220,1.866548e-02,938.6520,30.76,300.000
430.7416,10000.00,1.769735e+03,-9.574009e+04,265.165,166.180,1.848479e-02,938.4242,30.94,300.000
430.7349,10000.00,1.810528e+03,-9.571761e+04,266.166,166.216,1.891531e-02,938.6295,30.89,300.000
430.7280,10000.00,1.866933e+03,-9.576957e+04,267.166,166.122,1.949401e-02,938.0994,30.94,300.000
430.7210,10000.00,1.817265e+03,-9.570333e+04,268.166,166.240,1.898852e-02,938.7670,30.78,300.000
430.7145,10000.00,1.780392e+03,-9.572780e+04,269.167,166.200,1.859848e-02,938.5407,30.85,300.000
430.7082,10000.00,1.801433e+03,-9.573962e+04,270.168,166.178,1.881596e-02,938.4172,30.70,300.000
430.7022,10000.00,1.779222e+03,-9.569504e+04,271.169,166.257,1.859263e-02,938.8622,30.62,300.000
430.6957,10000.00,1.800674e+03,-9.574258e+04,272.169,166.173,1.880745e-02,938.3885,30.62,300.000
430.6898,10000.00,1.814647e+03,-9.574905e+04,273.170,166.161,1.895211e-02,938.3200,30.48,300.000
430.6839,10000.00,1.790802e+03,-9.575355e+04,274.170,166.155,1.870220e-02,938.2847,30.60,300.000
430.6773,10000.00,1.819196e+03,-9.574360e+04,275.171,166.170,1.900071e-02,938.3717,30.71,300.000
430.6705,10000.00,1.846197e+03,-9.576484e+04,276.171,166.132,1.927844e-02,938.1536,30.43,300.000
430.6650,10000.00,1.772964e+03,-9.577757e+04,277.172,166.114,1.851127e-02,938.0561,30.20,300.000
430.6594,10000.00,1.811485e+03,-9.575841e+04,278.173,166.145,1.891724e-02,938.2295,30.38,300.000
430.6526,10000.00,1.818048e+03,-9.572695e+04,279.174,166.199,1.899202e-02,938.5352,30.38,300.000
430.6461,10000.00,1.854878e+03,-9.577779e+04,280.175,166.109,1.936647e-02,938.0235,30.48,300.000
430.6400,10000.00,1.827428e+03,-9.579101e+04,281.175,166.088,1.907724e-02,937.9045,30.19,300.000
430.6339,10000.00,1.811625e+03,-9.577892e+04,282.175,166.110,1.891465e-02,938.0287,30.25,300.000
430.6278,10000.00,1.808608e+03,-9.572675e+04,283.176,166.200,1.889344e-02,938.5407,30.17,300.000
430.6213,10000.00,1.816935e+03,-9.579483e+04,284.177,166.082,1.896694e-02,937.8710,30.12,300.000
430.6155,10000.00,1.788003e+03,-9.574931e+04,285.177,166.163,1.867380e-02,938.3273,30.09,300.000
430.6094,10000.00,1.802386e+03,-9.581388e+04,286.178,166.050,1.881132e-02,937.6901,30.05,300.000
430.6025,10000.00,1.795056e+03,-9.574454e+04,287.179,166.170,1.874839e-02,938.3714,30.35,300.000
430.5958,10000.00,1.794642e+03,-9.578045e+04,288.180,166.108,1.873704e-02,938.0200,30.11,300.000
430.5896,10000.00,1.780871e+03,-9.576800e+04,289.180,166.131,1.859568e-02,938.1469,30.28,300.000
430.5828,10000.00,1.762520e+03,-9.577877e+04,290.181,166.113,1.840199e-02,938.0481,30.32,300.000
430.5757,10000.00,1.818106e+03,-9.579397e+04,291.181,166.083,1.897934e-02,937.8790,30.21,300.000
430.5684,10000.00,1.806079e+03,-9.579269e+04,292.182,166.086,1.885404e-02,937.8960,30.53,300.000
430.5611,10000.00,1.801081e+03,-9.575015e+04,293.182,166.160,1.881022e-02,938.3142,30.44,300.000
430.5537,10000.00,1.803206e+03,-9.579876e+04,294.183,166.076,1.882285e-02,937.8377,30.35,300.000
430.5467,10000.00,1.812885e+03,-9.583298e+04,295.184,166.016,1.891713e-02,937.4995,30.61,300.000
430.5393,10000.00,1.816837e+03,-9.585553e+04,296.185,165.977,1.895391e-02,937.2776,30.62,300.000
430.5322,10000.00,1.835072e+03,-9.575965e+04,297.186,166.141,1.916331e-02,938.2086,30.57,300.000
430.5247,10000.00,1.808938e+03,-9.577931e+04,298.186,166.109,1.888652e-02,938.0259,30.60,300.000
430.5175,10000.00,1.834564e+03,-9.580373e+04,299.187,166.065,1.914919e-02,937.7774,30.75,300.000
430.5102,10000.00,1.806335e+03,-9.583945e+04,300.187,166.005,1.884751e-02,937.4386,30.82,300.000
430.5027,10000.00,1.820437e+03,-9.578365e+04,301.188,166.101,1.900572e-02,937.9791,30.92,300.000
430.4948,10000.00,1.818738e+03,-9.575987e+04,302.189,166.142,1.899269e-02,938.2125,30.76,300.000
430.4881,10000.00,1.835321e+03,-9.582117e+04,303.189,166.035,1.915361e-02,937.6066,30.71,300.000
430.4815,10000.00,1.853436e+03,-9.580760e+04,304.190,166.057,1.934540e-02,937.7324,30.72,300.000
430.4750,10000.00,1.844685e+03,-9.583877e+04,305.191,166.004,1.924780e-02,937.4310,30.61,300.000
430.4688,10000.00,1.833082e+03,-9.581903e+04,306.192,166.039,1.913067e-02,937.6283,30.55,300.000
430.4623,10000.00,1.810568e+03,-9.582444e+04,307.193,166.031,1.889464e-02,937.5838,30.49,300.000
430.4562,10000.00,1.794724e+03,-9.582790e+04,308.193,166.026,1.872862e-02,937.5558,30.48,300.000
430.4497,10000.00,1.803548e+03,-9.582640e+04,309.194,166.028,1.882099e-02,937.5672,30.62,300.000
430.4427,10000.00,1.819220e+03,-9.578865e+04,310.195,166.092,1.899202e-02,937.9307,30.56,300.000
430.4364,10000.00,1.772669e+03,-9.580664e+04,311.195,166.064,1.850257e-02,937.7717,30.55,300.000
430.4299,10000.00,1.812912e+03,-9.586028e+04,312.196,165.969,1.891202e-02,937.2326,30.60,300.000
430.4227,10000.00,1.823800e+03,-9.583827e+04,313.196,166.006,1.902998e-02,937.4437,30.59,300.000
430.4157,10000.00,1.851883e+03,-9.583535e+04,314.197,166.009,1.932359e-02,937.4617,30.74,300.000
430.4089,10000.00,1.860404e+03,-9.585010e+04,315.198,165.983,1.940952e-02,937.3143,30.51,300.000
430.4023,10000.00,1.826354e+03,-9.580891e+04,316.198,166.057,1.906247e-02,937.7298,30.86,300.000
430.3946,10000.00,1.805078e+03,-9.577703e+04,317.199,166.113,1.884667e-02,938.0496,30.74,300.000
430.3881,10000.00,1.770827e+03,-9.588335e+04,318.199,165.931,1.846856e-02,937.0227,30.52,300.000
430.3820,10000.00,1.835177e+03,-9.582867e+04,319.200,166.022,1.915060e-02,937.5333,30.55,300.000
430.3752,10000.00,1.835436e+03,-9.585791e+04,320.200,165.971,1.914747e-02,937.2474,30.53,300.000
430.3682,10000.00,1.815049e+03,-9.591000e+04,321.200,165.883,1.892450e-02,936.7463,30.80,300.000
430.3610,10000.00,1.830506e+03,-9.584231e+04,322.203,165.999,1.909914e-02,937.4017,30.73,300.000
430.3542,10000.00,1.808140e+03,-9.584477e+04,323.204,165.996,1.886530e-02,937.3860,30.74,300.000
430.3470,10000.00,1.837675e+03,-9.585826e+04,324.205,165.971,1.917075e-02,937.2432,30.63,300.000
430.3409,10000.00,1.836841e+03,-9.582765e+04,325.205,166.024,1.916817e-02,937.5426,30.49,300.000
430.3347,10000.00,1.791106e+03,-9.588508e+04,326.206,165.927,1.867972e-02,936.9984,30.52,300.000
430.3285,10000.00,1.816200e+03,-9.588034e+04,327.207,165.934,1.894236e-02,937.0355,30.44,300.000
430.3216,10000.00,1.775394e+03,-9.592860e+04,328.208,165.853,1.850745e-02,936.5793,30.59,300.000
430.3152,10000.00,1.818763e+03,-9.588402e+04,329.208,165.927,1.896836e-02,936.9986,30.59,300.000
430.3085,10000.00,1.778906e+03,-9.592012e+04,330.209,165.867,1.854570e-02,936.6608,30.70,300.000
430.3019,10000.00,1.795338e+03,-9.589464e+04,331.209,165.910,1.872198e-02,936.9035,30.41,300.000
430.2947,10000.00,1.830866e+03,-9.590053e+04,332.209,165.898,1.909130e-02,936.8329,30.77,300.000
430.2876,10000.00,1.808024e+03,-9.587827e+04,333.210,165.938,1.885750e-02,937.0587,30.72,300.000
430.2809,10000.00,1.853506e+03,-9.591735e+04,334.210,165.867,1.932399e-02,936.6603,30.45,300.000
430.2747,10000.00,1.797592e+03,-9.591277e+04,335.210,165.879,1.874195e-02,936.7257,30.48,300.000
430.2682,10000.00,1.814515e+03,-9.589756e+04,336.211,165.904,1.892139e-02,936.8680,30.46,300.000
430.2620,10000.00,1.812040e+03,-9.589182e+04,337.211,165.914,1.889671e-02,936.9249,30.38,300.000
430.2559,10000.00,1.769958e+03,-9.589723e+04,338.211,165.908,1.845682e-02,936.8875,30.34,300.000
430.2497,10000.00,1.854258e+03,-9.595472e+04,339.211,165.803,1.932430e-02,936.2955,30.44,300.000
430.2427,10000.00,1.791674e+03,-9.586750e+04,340.211,165.958,1.868907e-02,937.1699,30.38,300.000
430.2361,10000.00,1.863900e+03,-9.587163e+04,341.212,165.946,1.944162e-02,937.1027,30.51,300.000
430.2292,10000.00,1.834440e+03,-9.593213e+04,342.212,165.843,1.912227e-02,936.5232,30.51,300.000
430.2227,10000.00,1.807235e+03,-9.588305e+04,343.213,165.930,1.884833e-02,937.0123,30.48,300.000
430.2153,10000.00,1.802051e+03,-9.591388e+04,344.213,165.877,1.878822e-02,936.7133,30.57,300.000
430.2088,10000.00,1.819629e+03,-9.596548e+04,345.213,165.786,1.896129e-02,936.2035,30.36,300.000
430.2029,10000.00,1.826436e+03,-9.590758e+04,346.214,165.886,1.904371e-02,936.7657,30.32,300.000
430.1961,10000.00,1.831544e+03,-9.595909e+04,347.215,165.797,1.908672e-02,936.2614,30.49,300.000
430.1890,10000.00,1.802682e+03,-9.592560e+04,348.215,165.856,1.879250e-02,936.5987,30.42,300.000
430.1825,10000.00,1.876311e+03,-9.596135e+04,349.216,165.790,1.955278e-02,936.2225,30.45,300.000
430.1760,10000.00,1.797634e+03,-9.592466e+04,350.216,165.858,1.874006e-02,936.6097,30.44,300.000
430.1696,10000.00,1.862359e+03,-9.590879e+04,351.217,165.882,1.941802e-02,936.7404,30.24,300.000
430.1628,10000.00,1.789875e+03,-9.593579e+04,352.217,165.840,1.865701e-02,936.5039,30.37,300.000
430.1562,10000.00,1.799368e+03,-9.596010e+04,353.219,165.797,1.875121e-02,936.2634,30.41,300.000
430.1497,10000.00,1.771316e+03,-9.592688e+04,354.219,165.856,1.846527e-02,936.5976,30.31,300.000
430.1425,10000.00,1.831022e+03,-9.592437e+04,355.219,165.857,1.908818e-02,936.6002,30.45,300.000
430.1360,10000.00,1.811159e+03,-9.588076e+04,356.219,165.933,1.888970e-02,937.0332,30.32,300.000
430.1297,10000.00,1.825219e+03,-9.588419e+04,357.220,165.927,1.903566e-02,936.9945,30.33,300.000
430.1231,10000.00,1.784833e+03,-9.594206e+04,358.221,165.829,1.860324e-02,936.4446,30.37,300.000
430.1162,10000.00,1.827919e+03,-9.594984e+04,359.221,165.813,1.905078e-02,936.3529,30.23,300.000
430.1101,10000.00,1.828515e+03,-9.590173e+04,360.222,165.896,1.906655e-02,936.8221,30.20,300.000
430.1032,10000.00,1.818434e+03,-9.592344e+04,361.223,165.859,1.895714e-02,936.6139,30.42,300.000
430.0967,10000.00,1.861674e+03,-9.592622e+04,362.223,165.851,1.940735e-02,936.5706,30.21,300.000
430.0899,10000.00,1.800922e+03,-9.599268e+04,363.224,165.741,1.876103e-02,935.9453,30.20,300.000
430.0836,10000.00,1.829289e+03,-9.590732e+04,364.224,165.886,1.907351e-02,936.7672,30.29,300.000
430.0768,10000.00,1.793653e+03,-9.594487e+04,365.224,165.824,1.869462e-02,936.4140,30.39,300.000
430.0699,10000.00,1.837691e+03,-9.589938e+04,366.224,165.899,1.916270e-02,936.8416,30.42,300.000
430.0624,10000.00,1.785046e+03,-9.591542e+04,367.225,165.875,1.861063e-02,936.7044,30.42,300.000
430.0556,10000.00,1.817536e+03,-9.594361e+04,368.226,165.824,1.894379e-02,936.4175,30.14,300.000
430.0495,10000.00,1.809117e+03,-9.600525e+04,369.226,165.718,1.884394e-02,935.8198,30.27,300.000
430.0426,10000.00,1.818261e+03,-9.591084e+04,370.227,165.881,1.895783e-02,936.7370,30.20,300.000
430.0360,10000.00,1.812429e+03,-9.590911e+04,371.227,165.884,1.889736e-02,936.7560,30.27,300.000
430.0297,10000.00,1.859385e+03,-9.590197e+04,372.227,165.894,1.938839e-02,936.8081,30.22,300.000
430.0232,10000.00,1.820265e+03,-9.597396e+04,373.228,165.772,1.896624e-02,936.1206,30.10,300.000
430.0164,10000.00,1.839718e+03,-9.596824e+04,374.228,165.780,1.917007e-02,936.1691,30.18,300.000
430.0100,10000.00,1.807688e+03,-9.595180e+04,375.229,165.811,1.883954e-02,936.3413,30.20,300.000
430.0034,10000.00,1.763409e+03,-9.592357e+04,376.230,165.862,1.838348e-02,936.6327,30.20,300.000
429.9968,10000.00,1.785554e+03,-9.597770e+04,377.230,165.768,1.860384e-02,936.0968,30.10,300.000
429.9899,10000.00,1.807620e+03,-9.594353e+04,378.231,165.825,1.884046e-02,936.4219,30.02,300.000
429.9842,10000.00,1.788169e+03,-9.600892e+04,379.232,165.714,1.862503e-02,935.7917,29.94,300.000
429.9781,10000.00,1.850534e+03,-9.598420e+04,380.233,165.752,1.927957e-02,936.0095,30.17,300.000
429.9713,10000.00,1.834660e+03,-9.600835e+04,381.233,165.711,1.910938e-02,935.7802,30.22,300.000
429.9639,10000.00,1.830795e+03,-9.603165e+04,382.233,165.672,1.906450e-02,935.5547,30.25,300.000
429.9570,10000.00,1.798361e+03,-9.602437e+04,383.234,165.686,1.872817e-02,935.6375,30.26,300.000
429.9502,10000.00,1.817922e+03,-9.601293e+04,384.234,165.705,1.893414e-02,935.7418,30.28,300.000
429.9433,10000.00,1.814014e+03,-9.596538e+04,385.235,165.787,1.890280e-02,936.2065,30.44,300.000
429.9355,10000.00,1.865340e+03,-9.599717e+04,386.235,165.729,1.943120e-02,935.8776,30.22,300.000
429.9291,10000.00,1.793224e+03,-9.600470e+04,387.236,165.720,1.867850e-02,935.8310,30.20,300.000
429.9226,10000.00,1.814458e+03,-9.600869e+04,388.237,165.712,1.889889e-02,935.7843,30.19,300.000
429.9156,10000.00,1.822225e+03,-9.600791e+04,389.238,165.713,1.897995e-02,935.7891,30.17,300.000
429.9090,10000.00,1.867877e+03,-9.601615e+04,390.238,165.696,1.945378e-02,935.6917,30.23,300.000
429.9023,10000.00,1.807103e+03,-9.602841e+04,391.246,165.679,1.881842e-02,935.5950,30.27,300.000
429.8954,10000.00,1.868356e+03,-9.601745e+04,392.247,165.694,1.945850e-02,935.6789,30.38,300.000
429.8877,10000.00,1.822948e+03,-9.599419e+04,393.247,165.737,1.899019e-02,935.9225,30.36,300.000
