Timestamp,Elapsed_Sec,Temp_A_K,Setpoint_K,Error_K,Ramp_SP_K,Track_Err_K,Heater_Pct,Ramp_Rate_K_min,P_Gain,I_Gain,D_Gain,Range,MaxPwr_Pct,Stage
2026-09-04 22:09:25,0.0,351.8501,357.00,-5.1499,351.8500,-0.0001,0.16,1.00,25.0,900.0,0.0,HI,50.0,RAMPING
2026-09-04 22:09:26,1.4,351.8501,357.00,-5.1499,351.8734,+0.0233,0.66,1.00,25.0,900.0,0.0,HI,50.0,RAMPING
2026-09-04 22:09:27,2.8,351.8494,357.00,-5.1506,351.8968,+0.0474,1.26,1.00,25.0,900.0,0.0,HI,50.0,RAMPING
2026-09-04 22:09:29,4.2,351.8482,357.00,-5.1518,351.9203,+0.0721,1.88,1.00,25.0,900.0,0.0,HI,50.0,RAMPING
2026-09-04 22:09:30,5.6,351.8464,357.00,-5.1536,351.9437,+0.0973,2.40,1.00,25.0,900.0,0.0,HI,50.0,RAMPING
2026-09-04 22:09:32,7.0,351.8443,357.00,-5.1557,351.9671,+0.1228,3.00,1.00,25.0,900.0,0.0,HI,50.0,RAMPING
2026-09-04 22:09:33,8.4,351.8417,357.00,-5.1583,351.9905,+0.1488,3.53,1.00,25.0,900.0,0.0,HI,50.0,RAMPING
2026-09-04 22:09:34,9.8,351.8387,357.00,-5.1613,352.0139,+0.1752,4.10,1.00,25.0,900.0,0.0,HI,50.0,RAMPING
2026-09-04 22:09:36,11.2,351.8359,357.00,-5.1641,352.0373,+0.2014,4.69,1.00,25.0,900.0,0.0,HI,50.0,RAMPING
2026-09-04 22:09:37,12.6,351.8329,357.00,-5.1671,352.0607,+0.2278,5.30,1.00,25.0,900.0,0.0,HI,50.0,RAMPING
2026-09-04 22:09:39,14.0,351.8299,357.00,-5.1701,352.0841,+0.2542,5.81,1.00,25.0,900.0,0.0,HI,50.0,RAMPING
2026-09-04 22:09:40,15.4,351.8272,357.00,-5.1728,352.1075,+0.2803,6.39,1.00,25.0,900.0,0.0,HI,50.0,RAMPING
2026-09-04 22:09:41,16.9,351.8243,357.00,-5.1757,352.1308,+0.3065,7.03,1.00,25.0,900.0,0.0,HI,50.0,RAMPING
2026-09-04 22:09:43,18.3,351.8214,357.00,-5.1786,352.1545,+0.3331,7.58,1.00,25.0,900.0,0.0,HI,50.0,RAMPING
2026-09-04 22:09:44,19.7,351.8188,357.00,-5.1812,352.1779,+0.3591,8.11,1.00,25.0,900.0,0.0,HI,50.0,RAMPING
2026-09-04 22:09:46,21.1,351.8163,357.00,-5.1837,352.2013,+0.3850,8.68,1.00,25.0,900.0,0.0,HI,50.0,RAMPING
2026-09-04 22:09:47,22.5,351.8136,357.00,-5.1864,352.2247,+0.4111,9.26,1.00,25.0,900.0,0.0,HI,50.0,RAMPING
2026-09-04 22:09:48,23.9,351.8117,357.00,-5.1883,352.2481,+0.4364,9.74,1.00,25.0,900.0,0.0,HI,50.0,RAMPING
2026-09-04 22:09:50,25.3,351.8102,357.00,-5.1898,352.2715,+0.4613,10.27,1.00,25.0,900.0,0.0,HI,50.0,RAMPING
2026-09-04 22:09:51,26.7,351.8091,357.00,-5.1909,352.2949,+0.4858,10.79,1.00,25.0,900.0,0.0,HI,50.0,RAMPING
2026-09-04 22:09:53,28.1,351.8075,357.00,-5.1925,352.3183,+0.5108,11.36,1.00,25.0,900.0,0.0,HI,50.0,RAMPING
2026-09-04 22:09:54,29.5,351.8062,357.00,-5.1938,352.3417,+0.5355,11.86,1.00,25.0,900.0,0.0,HI,50.0,RAMPING
2026-09-04 22:09:55,30.9,351.8056,357.00,-5.1944,352.3650,+0.5594,12.33,1.00,25.0,900.0,0.0,HI,50.0,RAMPING
2026-09-04 22:09:57,32.3,351.8057,357.00,-5.1943,352.3884,+0.5827,12.80,1.00,25.0,900.0,0.0,HI,50.0,RAMPING
2026-09-04 22:09:58,33.7,351.8068,357.00,-5.1932,352.4118,+0.6050,13.17,1.00,25.0,900.0,0.0,HI,50.0,RAMPING
2026-09-04 22:10:00,35.1,351.8080,357.00,-5.1920,352.4352,+0.6272,13.72,1.00,25.0,900.0,0.0,HI,50.0,RAMPING
2026-09-04 22:10:01,36.5,351.8098,357.00,-5.1902,352.4586,+0.6488,14.10,1.00,25.0,900.0,0.0,HI,50.0,RAMPING
2026-09-04 22:10:02,37.9,351.8124,357.00,-5.1876,352.4820,+0.6696,14.51,1.00,25.0,900.0,0.0,HI,50.0,RAMPING
2026-09-04 22:10:04,39.3,351.8156,357.00,-5.1844,352.5054,+0.6898,14.89,1.00,25.0,900.0,0.0,HI,50.0,RAMPING
2026-09-04 22:10:05,40.7,351.8190,357.00,-5.1810,352.5288,+0.7098,15.28,1.00,25.0,900.0,0.0,HI,50.0,RAMPING
2026-09-04 22:10:07,42.1,351.8225,357.00,-5.1775,352.5522,+0.7297,15.74,1.00,25.0,900.0,0.0,HI,50.0,RAMPING
2026-09-04 22:10:08,43.5,351.8265,357.00,-5.1735,352.5756,+0.7491,16.11,1.00,25.0,900.0,0.0,HI,50.0,RAMPING
2026-09-04 22:10:09,44.9,351.8309,357.00,-5.1691,352.5990,+0.7681,16.47,1.00,25.0,900.0,0.0,HI,50.0,RAMPING
2026-09-04 22:10:11,46.3,351.8365,357.00,-5.1635,352.6224,+0.7859,16.71,1.00,25.0,900.0,0.0,HI,50.0,RAMPING
2026-09-04 22:10:12,47.7,351.8427,357.00,-5.1573,352.6458,+0.8031,17.07,1.00,25.0,900.0,0.0,HI,50.0,RAMPING
2026-09-04 22:10:14,49.2,351.8495,357.00,-5.1505,352.6692,+0.8197,17.40,1.00,25.0,900.0,0.0,HI,50.0,RAMPING
2026-09-04 22:10:15,50.6,351.8566,357.00,-5.1434,352.6926,+0.8360,17.62,1.00,25.0,900.0,0.0,HI,50.0,RAMPING
2026-09-04 22:10:16,52.0,351.8650,357.00,-5.1350,352.7160,+0.8510,17.91,1.00,25.0,900.0,0.0,HI,50.0,RAMPING
2026-09-04 22:10:18,53.4,351.8736,357.00,-5.1264,352.7393,+0.8657,18.19,1.00,25.0,900.0,0.0,HI,50.0,RAMPING
2026-09-04 22:10:19,54.8,351.8828,357.00,-5.1172,352.7627,+0.8799,18.43,1.00,25.0,900.0,0.0,HI,50.0,RAMPING
2026-09-04 22:10:21,56.2,351.8923,357.00,-5.1077,352.7861,+0.8938,18.66,1.00,25.0,900.0,0.0,HI,50.0,RAMPING
2026-09-04 22:10:22,57.6,351.9019,357.00,-5.0981,352.8095,+0.9076,18.98,1.00,25.0,900.0,0.0,HI,50.0,RAMPING
2026-09-04 22:10:23,59.0,351.9129,357.00,-5.0871,352.8329,+0.9200,19.14,1.00,25.0,900.0,0.0,HI,50.0,RAMPING
2026-09-04 22:10:25,60.4,351.9235,357.00,-5.0765,352.8563,+0.9328,19.36,1.00,25.0,900.0,0.0,HI,50.0,RAMPING
2026-09-04 22:10:26,61.8,351.9353,357.00,-5.0647,352.8797,+0.9444,19.49,1.00,25.0,900.0,0.0,HI,50.0,RAMPING
2026-09-04 22:10:28,63.2,351.9485,357.00,-5.0515,352.9031,+0.9546,19.55,1.00,25.0,900.0,0.0,HI,50.0,RAMPING
2026-09-04 22:10:29,64.6,351.9628,357.00,-5.0372,352.9265,+0.9637,19.65,1.00,25.0,900.0,0.0,HI,50.0,RAMPING
2026-09-04 22:10:30,66.0,351.9785,357.00,-5.0215,352.9499,+0.9714,19.84,1.00,25.0,900.0,0.0,HI,50.0,RAMPING
2026-09-04 22:10:32,67.4,351.9924,357.00,-5.0076,352.9733,+0.9809,20.00,1.00,25.0,900.0,0.0,HI,50.0,RAMPING
2026-09-04 22:10:33,68.8,352.0072,357.00,-4.9928,352.9967,+0.9895,20.09,1.00,25.0,900.0,0.0,HI,50.0,RAMPING
2026-09-04 22:10:35,70.2,352.0229,357.00,-4.9771,353.0201,+0.9972,20.17,1.00,25.0,900.0,0.0,HI,50.0,RAMPING
2026-09-04 22:10:36,71.6,352.0397,357.00,-4.9603,353.0435,+1.0038,20.23,1.00,25.0,900.0,0.0,HI,50.0,RAMPING
2026-09-04 22:10:38,73.0,352.0558,357.00,-4.9442,353.0668,+1.0110,20.35,1.00,25.0,900.0,0.0,HI,50.0,RAMPING
2026-09-04 22:10:39,74.4,352.0727,357.00,-4.9273,353.0902,+1.0175,20.30,1.00,25.0,900.0,0.0,HI,50.0,RAMPING
2026-09-04 22:10:40,75.8,352.0910,357.00,-4.9090,353.1136,+1.0226,20.35,1.00,25.0,900.0,0.0,HI,50.0,RAMPING
2026-09-04 22:10:42,77.2,352.1085,357.00,-4.8915,353.1370,+1.0285,20.46,1.00,25.0,900.0,0.0,HI,50.0,RAMPING
2026-09-04 22:10:43,78.6,352.1268,357.00,-4.8732,353.1604,+1.0336,20.54,1.00,25.0,900.0,0.0,HI,50.0,RAMPING
2026-09-04 22:10:45,80.0,352.1444,357.00,-4.8556,353.1838,+1.0394,20.63,1.00,25.0,900.0,0.0,HI,50.0,RAMPING
2026-09-04 22:10:46,81.4,352.1620,357.00,-4.8380,353.2072,+1.0452,20.65,1.00,25.0,900.0,0.0,HI,50.0,RAMPING
2026-09-04 22:10:47,82.8,352.1804,357.00,-4.8196,353.2306,+1.0502,20.68,1.00,25.0,900.0,0.0,HI,50.0,RAMPING
2026-09-04 22:10:49,84.2,352.1992,357.00,-4.8008,353.2540,+1.0548,20.68,1.00,25.0,900.0,0.0,HI,50.0,RAMPING
2026-09-04 22:10:50,85.6,352.2192,357.00,-4.7808,353.2774,+1.0582,20.74,1.00,25.0,900.0,0.0,HI,50.0,RAMPING
2026-09-04 22:10:52,87.0,352.2380,357.00,-4.7620,353.3008,+1.0628,20.81,1.00,25.0,900.0,0.0,HI,50.0,RAMPING
2026-09-04 22:10:53,88.4,352.2570,357.00,-4.7430,353.3242,+1.0672,20.84,1.00,25.0,900.0,0.0,HI,50.0,RAMPING
2026-09-04 22:10:54,89.9,352.2760,357.00,-4.7240,353.3476,+1.0716,20.78,1.00,25.0,900.0,0.0,HI,50.0,RAMPING
2026-09-04 22:10:56,91.3,352.2959,357.00,-4.7041,353.3710,+1.0751,20.85,1.00,25.0,900.0,0.0,HI,50.0,RAMPING
2026-09-04 22:10:57,92.7,352.3166,357.00,-4.6834,353.3944,+1.0778,20.78,1.00,25.0,900.0,0.0,HI,50.0,RAMPING
2026-09-04 22:10:59,94.1,352.3372,357.00,-4.6628,353.4177,+1.0805,20.81,1.00,25.0,900.0,0.0,HI,50.0,RAMPING
2026-09-04 22:11:00,95.5,352.3577,357.00,-4.6423,353.4411,+1.0834,20.82,1.00,25.0,900.0,0.0,HI,50.0,RAMPING
2026-09-04 22:11:01,96.9,352.3781,357.00,-4.6219,353.4645,+1.0864,20.82,1.00,25.0,900.0,0.0,HI,50.0,RAMPING
2026-09-04 22:11:03,98.3,352.3982,357.00,-4.6018,353.4879,+1.0897,20.78,1.00,25.0,900.0,0.0,HI,50.0,RAMPING
2026-09-04 22:11:04,99.7,352.4204,357.00,-4.5796,353.5113,+1.0909,20.71,1.00,25.0,900.0,0.0,HI,50.0,RAMPING
2026-09-04 22:11:06,101.1,352.4406,357.00,-4.5594,353.5347,+1.0941,20.86,1.00,25.0,900.0,0.0,HI,50.0,RAMPING
2026-09-04 22:11:07,102.5,352.4599,357.00,-4.5401,353.5581,+1.0982,20.76,1.00,25.0,900.0,0.0,HI,50.0,RAMPING
2026-09-04 22:11:08,103.9,352.4810,357.00,-4.5190,353.5815,+1.1005,20.74,1.00,25.0,900.0,0.0,HI,50.0,RAMPING
2026-09-04 22:11:10,105.3,352.5038,357.00,-4.4962,353.6049,+1.1011,20.69,1.00,25.0,900.0,0.0,HI,50.0,RAMPING
2026-09-04 22:11:11,106.7,352.5251,357.00,-4.4749,353.6283,+1.1032,20.70,1.00,25.0,900.0,0.0,HI,50.0,RAMPING
2026-09-04 22:11:13,108.1,352.5461,357.00,-4.4539,353.6516,+1.1055,20.74,1.00,25.0,900.0,0.0,HI,50.0,RAMPING
2026-09-04 22:11:14,109.5,352.5671,357.00,-4.4329,353.6750,+1.1079,20.69,1.00,25.0,900.0,0.0,HI,50.0,RAMPING
2026-09-04 22:11:15,110.9,352.5885,357.00,-4.4115,353.6984,+1.1099,20.60,1.00,25.0,900.0,0.0,HI,50.0,RAMPING
2026-09-04 22:11:17,112.3,352.6096,357.00,-4.3904,353.7218,+1.1122,20.72,1.00,25.0,900.0,0.0,HI,50.0,RAMPING
2026-09-04 22:11:18,113.7,352.6306,357.00,-4.3694,353.7452,+1.1146,20.79,1.00,25.0,900.0,0.0,HI,50.0,RAMPING
2026-09-04 22:11:20,115.1,352.6506,357.00,-4.3494,353.7686,+1.1180,20.72,1.00,25.0,900.0,0.0,HI,50.0,RAMPING
2026-09-04 22:11:21,116.5,352.6707,357.00,-4.3293,353.7919,+1.1212,20.76,1.00,25.0,900.0,0.0,HI,50.0,RAMPING
2026-09-04 22:11:22,117.9,352.6908,357.00,-4.3092,353.8153,+1.1245,20.79,1.00,25.0,900.0,0.0,HI,50.0,RAMPING
2026-09-04 22:11:24,119.3,352.7121,357.00,-4.2879,353.8387,+1.1266,20.78,1.00,25.0,900.0,0.0,HI,50.0,RAMPING
2026-09-04 22:11:25,120.7,352.7322,357.00,-4.2678,353.8621,+1.1299,20.74,1.00,25.0,900.0,0.0,HI,50.0,RAMPING
2026-09-04 22:11:27,122.1,352.7532,357.00,-4.2468,353.8855,+1.1323,20.73,1.00,25.0,900.0,0.0,HI,50.0,RAMPING
2026-09-04 22:11:28,123.5,352.7741,357.00,-4.2259,353.9089,+1.1348,20.72,1.00,25.0,900.0,0.0,HI,50.0,RAMPING
2026-09-04 22:11:29,124.9,352.7947,357.00,-4.2053,353.9322,+1.1375,20.70,1.00,25.0,900.0,0.0,HI,50.0,RAMPING
2026-09-04 22:11:31,126.3,352.8166,357.00,-4.1834,353.9556,+1.1390,20.75,1.00,25.0,900.0,0.0,HI,50.0,RAMPING
2026-09-04 22:11:32,127.7,352.8373,357.00,-4.1627,353.9790,+1.1417,20.67,1.00,25.0,900.0,0.0,HI,50.0,RAMPING
2026-09-04 22:11:34,129.1,352.8579,357.00,-4.1421,354.0024,+1.1445,20.72,1.00,25.0,900.0,0.0,HI,50.0,RAMPING
2026-09-04 22:11:35,130.5,352.8789,357.00,-4.1211,354.0258,+1.1469,20.67,1.00,25.0,900.0,0.0,HI,50.0,RAMPING
2026-09-04 22:11:36,132.0,352.9001,357.00,-4.0999,354.0492,+1.1491,20.65,1.00,25.0,900.0,0.0,HI,50.0,RAMPING
2026-09-04 22:11:38,133.4,352.9217,357.00,-4.0783,354.0726,+1.1509,20.68,1.00,25.0,900.0,0.0,HI,50.0,RAMPING
2026-09-04 22:11:39,134.8,352.9418,357.00,-4.0582,354.0959,+1.1541,20.73,1.00,25.0,900.0,0.0,HI,50.0,RAMPING
2026-09-04 22:11:41,136.2,352.9619,357.00,-4.0381,354.1193,+1.1574,20.68,1.00,25.0,900.0,0.0,HI,50.0,RAMPING
2026-09-04 22:11:42,137.6,352.9823,357.00,-4.0177,354.1427,+1.1604,20.74,1.00,25.0,900.0,0.0,HI,50.0,RAMPING
2026-09-04 22:11:43,139.0,353.0025,357.00,-3.9975,354.1661,+1.1636,20.70,1.00,25.0,900.0,0.0,HI,50.0,RAMPING
2026-09-04 22:11:45,140.4,353.0244,357.00,-3.9756,354.1895,+1.1651,20.71,1.00,25.0,900.0,0.0,HI,50.0,RAMPING
2026-09-04 22:11:46,141.8,353.0448,357.00,-3.9552,354.2129,+1.1681,20.68,1.00,25.0,900.0,0.0,HI,50.0,RAMPING
2026-09-04 22:11:48,143.2,353.0651,357.00,-3.9349,354.2363,+1.1712,20.71,1.00,25.0,900.0,0.0,HI,50.0,RAMPING
2026-09-04 22:11:49,144.6,353.0856,357.00,-3.9144,354.2597,+1.1741,20.72,1.00,25.0,900.0,0.0,HI,50.0,RAMPING
2026-09-04 22:11:50,146.0,353.1059,357.00,-3.8941,354.2831,+1.1772,20.75,1.00,25.0,900.0,0.0,HI,50.0,RAMPING
2026-09-04 22:11:52,147.4,353.1265,357.00,-3.8735,354.3065,+1.1800,20.81,1.00,25.0,900.0,0.0,HI,50.0,RAMPING
2026-09-04 22:11:53,148.8,353.1454,357.00,-3.8546,354.3299,+1.1845,20.73,1.00,25.0,900.0,0.0,HI,50.0,RAMPING
2026-09-04 22:11:55,150.2,353.1667,357.00,-3.8333,354.3533,+1.1866,20.80,1.00,25.0,900.0,0.0,HI,50.0,RAMPING
2026-09-04 22:11:56,151.6,353.1868,357.00,-3.8132,354.3767,+1.1899,20.81,1.00,25.0,900.0,0.0,HI,50.0,RAMPING
2026-09-04 22:11:58,153.0,353.2081,357.00,-3.7919,354.4001,+1.1920,20.81,1.00,25.0,900.0,0.0,HI,50.0,RAMPING
2026-09-04 22:11:59,154.4,353.2280,357.00,-3.7720,354.4235,+1.1955,20.82,1.00,25.0,900.0,0.0,HI,50.0,RAMPING
2026-09-04 22:12:00,155.8,353.2477,357.00,-3.7523,354.4469,+1.1992,20.89,1.00,25.0,900.0,0.0,HI,50.0,RAMPING
2026-09-04 22:12:02,157.2,353.2672,357.00,-3.7328,354.4703,+1.2031,20.88,1.00,25.0,900.0,0.0,HI,50.0,RAMPING
2026-09-04 22:12:03,158.6,353.2867,357.00,-3.7133,354.4936,+1.2069,20.94,1.00,25.0,900.0,0.0,HI,50.0,RAMPING
2026-09-04 22:12:05,160.0,353.3078,357.00,-3.6922,354.5170,+1.2092,20.88,1.00,25.0,900.0,0.0,HI,50.0,RAMPING
2026-09-04 22:12:06,161.4,353.3275,357.00,-3.6725,354.5404,+1.2129,20.89,1.00,25.0,900.0,0.0,HI,50.0,RAMPING
2026-09-04 22:12:07,162.8,353.3481,357.00,-3.6519,354.5638,+1.2157,20.90,1.00,25.0,900.0,0.0,HI,50.0,RAMPING
2026-09-04 22:12:09,164.2,353.3680,357.00,-3.6320,354.5872,+1.2192,20.94,1.00,25.0,900.0,0.0,HI,50.0,RAMPING
2026-09-04 22:12:10,165.6,353.3880,357.00,-3.6120,354.6106,+1.2226,20.92,1.00,25.0,900.0,0.0,HI,50.0,RAMPING
2026-09-04 22:12:12,167.0,353.4083,357.00,-3.5917,354.6340,+1.2257,21.09,1.00,25.0,900.0,0.0,HI,50.0,RAMPING
2026-09-04 22:12:13,168.4,353.4276,357.00,-3.5724,354.6574,+1.2298,21.07,1.00,25.0,900.0,0.0,HI,50.0,RAMPING
2026-09-04 22:12:14,169.9,353.4467,357.00,-3.5533,354.6808,+1.2341,21.12,1.00,25.0,900.0,0.0,HI,50.0,RAMPING
2026-09-04 22:12:16,171.3,353.4667,357.00,-3.5333,354.7042,+1.2375,21.00,1.00,25.0,900.0,0.0,HI,50.0,RAMPING
2026-09-04 22:12:17,172.7,353.4883,357.00,-3.5117,354.7276,+1.2393,21.09,1.00,25.0,900.0,0.0,HI,50.0,RAMPING
2026-09-04 22:12:19,174.1,353.5079,357.00,-3.4921,354.7510,+1.2431,21.07,1.00,25.0,900.0,0.0,HI,50.0,RAMPING
2026-09-04 22:12:20,175.5,353.5286,357.00,-3.4714,354.7744,+1.2458,20.93,1.00,25.0,900.0,0.0,HI,50.0,RAMPING
2026-09-04 22:12:21,176.9,353.5516,357.00,-3.4484,354.7978,+1.2462,20.86,1.00,25.0,900.0,0.0,HI,50.0,RAMPING
2026-09-04 22:12:23,178.3,353.5731,357.00,-3.4269,354.8212,+1.2481,20.90,1.00,25.0,900.0,0.0,HI,50.0,RAMPING
2026-09-04 22:12:24,179.7,353.5960,357.00,-3.4040,354.8446,+1.2486,20.82,1.00,25.0,900.0,0.0,HI,50.0,RAMPING
2026-09-04 22:12:26,181.1,353.6174,357.00,-3.3826,354.8680,+1.2506,20.83,1.00,25.0,900.0,0.0,HI,50.0,RAMPING
2026-09-04 22:12:27,182.5,353.6380,357.00,-3.3620,354.8914,+1.2534,20.93,1.00,25.0,900.0,0.0,HI,50.0,RAMPING
2026-09-04 22:12:28,183.9,353.6582,357.00,-3.3418,354.9148,+1.2566,20.90,1.00,25.0,900.0,0.0,HI,50.0,RAMPING
2026-09-04 22:12:30,185.3,353.6790,357.00,-3.3210,354.9381,+1.2591,20.86,1.00,25.0,900.0,0.0,HI,50.0,RAMPING
2026-09-04 22:12:31,186.7,353.7007,357.00,-3.2993,354.9615,+1.2608,20.87,1.00,25.0,900.0,0.0,HI,50.0,RAMPING
2026-09-04 22:12:33,188.1,353.7210,357.00,-3.2790,354.9849,+1.2639,20.92,1.00,25.0,900.0,0.0,HI,50.0,RAMPING
2026-09-04 22:12:34,189.5,353.7414,357.00,-3.2586,355.0083,+1.2669,20.85,1.00,25.0,900.0,0.0,HI,50.0,RAMPING
2026-09-04 22:12:35,190.9,353.7617,357.00,-3.2383,355.0317,+1.2700,20.90,1.00,25.0,900.0,0.0,HI,50.0,RAMPING
2026-09-04 22:12:37,192.3,353.7830,357.00,-3.2170,355.0551,+1.2721,20.85,1.00,25.0,900.0,0.0,HI,50.0,RAMPING
2026-09-04 22:12:38,193.7,353.8034,357.00,-3.1966,355.0785,+1.2751,20.97,1.00,25.0,900.0,0.0,HI,50.0,RAMPING
2026-09-04 22:12:40,195.1,353.8234,357.00,-3.1766,355.1019,+1.2785,20.94,1.00,25.0,900.0,0.0,HI,50.0,RAMPING
2026-09-04 22:12:41,196.5,353.8436,357.00,-3.1564,355.1253,+1.2817,20.94,1.00,25.0,900.0,0.0,HI,50.0,RAMPING
2026-09-04 22:12:42,197.9,353.8635,357.00,-3.1365,355.1487,+1.2852,20.94,1.00,25.0,900.0,0.0,HI,50.0,RAMPING
2026-09-04 22:12:44,199.3,353.8848,357.00,-3.1152,355.1721,+1.2873,20.96,1.00,25.0,900.0,0.0,HI,50.0,RAMPING
2026-09-04 22:12:45,200.7,353.9048,357.00,-3.0952,355.1955,+1.2907,20.98,1.00,25.0,900.0,0.0,HI,50.0,RAMPING
2026-09-04 22:12:47,202.1,353.9245,357.00,-3.0755,355.2189,+1.2944,21.05,1.00,25.0,900.0,0.0,HI,50.0,RAMPING
2026-09-04 22:12:48,203.5,353.9439,357.00,-3.0561,355.2423,+1.2984,21.03,1.00,25.0,900.0,0.0,HI,50.0,RAMPING
2026-09-04 22:12:49,204.9,353.9638,357.00,-3.0362,355.2657,+1.3019,21.05,1.00,25.0,900.0,0.0,HI,50.0,RAMPING
2026-09-04 22:12:51,206.3,353.9849,357.00,-3.0151,355.2891,+1.3042,21.03,1.00,25.0,900.0,0.0,HI,50.0,RAMPING
2026-09-04 22:12:52,207.7,354.0049,357.00,-2.9951,355.3125,+1.3076,21.11,1.00,25.0,900.0,0.0,HI,50.0,RAMPING
2026-09-04 22:12:54,209.2,354.0242,357.00,-2.9758,355.3359,+1.3117,21.13,1.00,25.0,900.0,0.0,HI,50.0,RAMPING
2026-09-04 22:12:55,210.6,354.0438,357.00,-2.9562,355.3593,+1.3155,21.15,1.00,25.0,900.0,0.0,HI,50.0,RAMPING
2026-09-04 22:12:56,212.0,354.0630,357.00,-2.9370,355.3826,+1.3196,21.19,1.00,25.0,900.0,0.0,HI,50.0,RAMPING
2026-09-04 22:12:58,213.4,354.0835,357.00,-2.9165,355.4060,+1.3225,21.23,1.00,25.0,900.0,0.0,HI,50.0,RAMPING
2026-09-04 22:12:59,214.8,354.1031,357.00,-2.8969,355.4295,+1.3264,21.21,1.00,25.0,900.0,0.0,HI,50.0,RAMPING
2026-09-04 22:13:01,216.2,354.1230,357.00,-2.8770,355.4528,+1.3298,21.22,1.00,25.0,900.0,0.0,HI,50.0,RAMPING
2026-09-04 22:13:02,217.6,354.1425,357.00,-2.8575,355.4762,+1.3337,21.28,1.00,25.0,900.0,0.0,HI,50.0,RAMPING
2026-09-04 22:13:03,219.0,354.1631,357.00,-2.8369,355.4996,+1.3365,21.31,1.00,25.0,900.0,0.0,HI,50.0,RAMPING
2026-09-04 22:13:05,220.4,354.1827,357.00,-2.8173,355.5230,+1.3403,21.26,1.00,25.0,900.0,0.0,HI,50.0,RAMPING
2026-09-04 22:13:06,221.8,354.2033,357.00,-2.7967,355.5464,+1.3431,21.26,1.00,25.0,900.0,0.0,HI,50.0,RAMPING
2026-09-04 22:13:08,223.2,354.2235,357.00,-2.7765,355.5698,+1.3463,21.29,1.00,25.0,900.0,0.0,HI,50.0,RAMPING
2026-09-04 22:13:09,224.6,354.2430,357.00,-2.7570,355.5932,+1.3502,21.30,1.00,25.0,900.0,0.0,HI,50.0,RAMPING
2026-09-04 22:13:11,226.0,354.2645,357.00,-2.7355,355.6166,+1.3521,21.24,1.00,25.0,900.0,0.0,HI,50.0,RAMPING
2026-09-04 22:13:12,227.4,354.2849,357.00,-2.7151,355.6400,+1.3551,21.29,1.00,25.0,900.0,0.0,HI,50.0,RAMPING
2026-09-04 22:13:13,228.8,354.3053,357.00,-2.6947,355.6634,+1.3581,21.25,1.00,25.0,900.0,0.0,HI,50.0,RAMPING
2026-09-04 22:13:15,230.2,354.3257,357.00,-2.6743,355.6868,+1.3611,21.28,1.00,25.0,900.0,0.0,HI,50.0,RAMPING
2026-09-04 22:13:16,231.6,354.3461,357.00,-2.6539,355.7102,+1.3641,21.22,1.00,25.0,900.0,0.0,HI,50.0,RAMPING
2026-09-04 22:13:18,233.0,354.3676,357.00,-2.6324,355.7335,+1.3659,21.29,1.00,25.0,900.0,0.0,HI,50.0,RAMPING
2026-09-04 22:13:19,234.4,354.3878,357.00,-2.6122,355.7569,+1.3691,21.23,1.00,25.0,900.0,0.0,HI,50.0,RAMPING
2026-09-04 22:13:20,235.8,354.4082,357.00,-2.5918,355.7803,+1.3721,21.28,1.00,25.0,900.0,0.0,HI,50.0,RAMPING
2026-09-04 22:13:22,237.2,354.4289,357.00,-2.5711,355.8037,+1.3748,21.24,1.00,25.0,900.0,0.0,HI,50.0,RAMPING
2026-09-04 22:13:23,238.6,354.4496,357.00,-2.5504,355.8271,+1.3775,21.25,1.00,25.0,900.0,0.0,HI,50.0,RAMPING
2026-09-04 22:13:25,240.0,354.4715,357.00,-2.5285,355.8505,+1.3790,21.27,1.00,25.0,900.0,0.0,HI,50.0,RAMPING
2026-09-04 22:13:26,241.4,354.4915,357.00,-2.5085,355.8739,+1.3824,21.34,1.00,25.0,900.0,0.0,HI,50.0,RAMPING
2026-09-04 22:13:27,242.8,354.5109,357.00,-2.4891,355.8973,+1.3864,21.26,1.00,25.0,900.0,0.0,HI,50.0,RAMPING
2026-09-04 22:13:29,244.2,354.5318,357.00,-2.4682,355.9207,+1.3889,21.25,1.00,25.0,900.0,0.0,HI,50.0,RAMPING
2026-09-04 22:13:30,245.6,354.5536,357.00,-2.4464,355.9440,+1.3904,21.25,1.00,25.0,900.0,0.0,HI,50.0,RAMPING
2026-09-04 22:13:32,247.0,354.5742,357.00,-2.4258,355.9674,+1.3932,21.27,1.00,25.0,900.0,0.0,HI,50.0,RAMPING
2026-09-04 22:13:33,248.5,354.5942,357.00,-2.4058,355.9908,+1.3966,21.33,1.00,25.0,900.0,0.0,HI,50.0,RAMPING
2026-09-04 22:13:34,249.9,354.6143,357.00,-2.3857,356.0142,+1.3999,21.35,1.00,25.0,900.0,0.0,HI,50.0,RAMPING
2026-09-04 22:13:36,251.3,354.6338,357.00,-2.3662,356.0376,+1.4038,21.40,1.00,25.0,900.0,0.0,HI,50.0,RAMPING
2026-09-04 22:13:37,252.7,354.6545,357.00,-2.3455,356.0610,+1.4065,21.38,1.00,25.0,900.0,0.0,HI,50.0,RAMPING
2026-09-04 22:13:39,254.1,354.6743,357.00,-2.3257,356.0844,+1.4101,21.38,1.00,25.0,900.0,0.0,HI,50.0,RAMPING
2026-09-04 22:13:40,255.5,354.6945,357.00,-2.3055,356.1078,+1.4133,21.34,1.00,25.0,900.0,0.0,HI,50.0,RAMPING
2026-09-04 22:13:41,256.9,354.7147,357.00,-2.2853,356.1312,+1.4165,21.32,1.00,25.0,900.0,0.0,HI,50.0,RAMPING
2026-09-04 22:13:43,258.3,354.7361,357.00,-2.2639,356.1546,+1.4185,21.36,1.00,25.0,900.0,0.0,HI,50.0,RAMPING
2026-09-04 22:13:44,259.7,354.7560,357.00,-2.2440,356.1780,+1.4220,21.39,1.00,25.0,900.0,0.0,HI,50.0,RAMPING
2026-09-04 22:13:46,261.1,354.7759,357.00,-2.2241,356.2014,+1.4255,21.41,1.00,25.0,900.0,0.0,HI,50.0,RAMPING
2026-09-04 22:13:47,262.5,354.7959,357.00,-2.2041,356.2248,+1.4289,21.45,1.00,25.0,900.0,0.0,HI,50.0,RAMPING
2026-09-04 22:13:48,263.9,354.8159,357.00,-2.1841,356.2482,+1.4323,21.35,1.00,25.0,900.0,0.0,HI,50.0,RAMPING
2026-09-04 22:13:50,265.3,354.8369,357.00,-2.1631,356.2716,+1.4347,21.38,1.00,25.0,900.0,0.0,HI,50.0,RAMPING
2026-09-04 22:13:51,266.7,354.8578,357.00,-2.1422,356.2950,+1.4372,21.44,1.00,25.0,900.0,0.0,HI,50.0,RAMPING
2026-09-04 22:13:53,268.1,354.8774,357.00,-2.1226,356.3184,+1.4410,21.51,1.00,25.0,900.0,0.0,HI,50.0,RAMPING
2026-09-04 22:13:54,269.5,354.8970,357.00,-2.1030,356.3418,+1.4448,21.48,1.00,25.0,900.0,0.0,HI,50.0,RAMPING
2026-09-04 22:13:55,270.9,354.9168,357.00,-2.0832,356.3652,+1.4484,21.52,1.00,25.0,900.0,0.0,HI,50.0,RAMPING
2026-09-04 22:13:57,272.3,354.9378,357.00,-2.0622,356.3886,+1.4508,21.48,1.00,25.0,900.0,0.0,HI,50.0,RAMPING
2026-09-04 22:13:58,273.7,354.9581,357.00,-2.0419,356.4119,+1.4538,21.46,1.00,25.0,900.0,0.0,HI,50.0,RAMPING
2026-09-04 22:14:00,275.1,354.9783,357.00,-2.0217,356.4353,+1.4570,21.51,1.00,25.0,900.0,0.0,HI,50.0,RAMPING
2026-09-04 22:14:01,276.5,354.9980,357.00,-2.0020,356.4587,+1.4607,21.57,1.00,25.0,900.0,0.0,HI,50.0,RAMPING
2026-09-04 22:14:02,277.9,355.0172,357.00,-1.9828,356.4821,+1.4649,21.59,1.00,25.0,900.0,0.0,HI,50.0,RAMPING
2026-09-04 22:14:04,279.3,355.0378,357.00,-1.9622,356.5055,+1.4677,21.63,1.00,25.0,900.0,0.0,HI,50.0,RAMPING
2026-09-04 22:14:05,280.7,355.0577,357.00,-1.9423,356.5289,+1.4712,21.63,1.00,25.0,900.0,0.0,HI,50.0,RAMPING
2026-09-04 22:14:07,282.1,355.0774,357.00,-1.9226,356.5523,+1.4749,21.60,1.00,25.0,900.0,0.0,HI,50.0,RAMPING
2026-09-04 22:14:08,283.5,355.0974,357.00,-1.9026,356.5757,+1.4783,21.62,1.00,25.0,900.0,0.0,HI,50.0,RAMPING
2026-09-04 22:14:09,284.9,355.1185,357.00,-1.8815,356.5991,+1.4806,21.63,1.00,25.0,900.0,0.0,HI,50.0,RAMPING
2026-09-04 22:14:11,286.4,355.1382,357.00,-1.8618,356.6225,+1.4843,21.66,1.00,25.0,900.0,0.0,HI,50.0,RAMPING
2026-09-04 22:14:12,287.8,355.1583,357.00,-1.8417,356.6459,+1.4876,21.63,1.00,25.0,900.0,0.0,HI,50.0,RAMPING
2026-09-04 22:14:14,289.2,355.1785,357.00,-1.8215,356.6693,+1.4908,21.66,1.00,25.0,900.0,0.0,HI,50.0,RAMPING
2026-09-04 22:14:15,290.6,355.1987,357.00,-1.8013,356.6927,+1.4940,21.59,1.00,25.0,900.0,0.0,HI,50.0,RAMPING
2026-09-04 22:14:16,292.0,355.2208,357.00,-1.7792,356.7161,+1.4953,21.57,1.00,25.0,900.0,0.0,HI,50.0,RAMPING
2026-09-04 22:14:18,293.4,355.2418,357.00,-1.7582,356.7394,+1.4976,21.57,1.00,25.0,900.0,0.0,HI,50.0,RAMPING
2026-09-04 22:14:19,294.8,355.2625,357.00,-1.7375,356.7628,+1.5003,21.59,1.00,25.0,900.0,0.0,HI,50.0,RAMPING
2026-09-04 22:14:21,296.2,355.2826,357.00,-1.7174,356.7862,+1.5036,21.66,1.00,25.0,900.0,0.0,HI,50.0,RAMPING
2026-09-04 22:14:22,297.6,355.3024,357.00,-1.6976,356.8096,+1.5072,21.62,1.00,25.0,900.0,0.0,HI,50.0,RAMPING
2026-09-04 22:14:23,299.0,355.3239,357.00,-1.6761,356.8330,+1.5091,21.63,1.00,25.0,900.0,0.0,HI,50.0,RAMPING
2026-09-04 22:14:25,300.4,355.3443,357.00,-1.6557,356.8564,+1.5121,21.63,1.00,25.0,900.0,0.0,HI,50.0,RAMPING
2026-09-04 22:14:26,301.8,355.3646,357.00,-1.6354,356.8802,+1.5156,21.65,1.00,25.0,900.0,0.0,HI,50.0,RAMPING
2026-09-04 22:14:28,303.2,355.3860,357.00,-1.6140,356.9036,+1.5176,21.62,1.00,25.0,900.0,0.0,HI,50.0,RAMPING
2026-09-04 22:14:29,304.6,355.4065,357.00,-1.5935,356.9270,+1.5205,21.57,1.00,25.0,900.0,0.0,HI,50.0,RAMPING
2026-09-04 22:14:31,306.0,355.4271,357.00,-1.5729,356.9504,+1.5233,21.61,1.00,25.0,900.0,0.0,HI,50.0,RAMPING
2026-09-04 22:14:32,307.4,355.4478,357.00,-1.5522,356.9738,+1.5260,21.56,1.00,25.0,900.0,0.0,HI,50.0,RAMPING
2026-09-04 22:14:33,308.8,355.4686,357.00,-1.5314,356.9972,+1.5286,21.53,1.00,25.0,900.0,0.0,HI,50.0,RAMPING
2026-09-04 22:14:35,310.2,355.4905,357.00,-1.5095,357.0000,+1.5095,21.60,1.00,25.0,900.0,0.0,HI,50.0,RAMPING
2026-09-04 22:14:36,311.6,355.5106,357.00,-1.4894,357.0000,+1.4894,21.63,1.00,25.0,900.0,0.0,HI,50.0,RAMPING
2026-09-04 22:14:38,313.0,355.5312,357.00,-1.4688,357.0000,+1.4688,21.57,1.00,25.0,900.0,0.0,HI,50.0,RAMPING
2026-09-04 22:14:39,314.4,355.5517,357.00,-1.4483,357.0000,+1.4483,21.63,1.00,25.0,900.0,0.0,HI,50.0,RAMPING
2026-09-04 22:14:40,315.8,355.5729,357.00,-1.4271,357.0000,+1.4271,21.63,1.00,25.0,900.0,0.0,HI,50.0,RAMPING
2026-09-04 22:14:42,317.3,355.5930,357.00,-1.4070,357.0000,+1.4070,21.58,1.00,25.0,900.0,0.0,HI,50.0,RAMPING
2026-09-04 22:14:43,318.7,355.6129,357.00,-1.3871,357.0000,+1.3871,21.66,1.00,25.0,900.0,0.0,HI,50.0,RAMPING
2026-09-04 22:14:45,320.1,355.6324,357.00,-1.3676,357.0000,+1.3676,21.66,1.00,25.0,900.0,0.0,HI,50.0,RAMPING
2026-09-04 22:14:46,321.5,355.6523,357.00,-1.3477,357.0000,+1.3477,21.64,1.00,25.0,900.0,0.0,HI,50.0,RAMPING
2026-09-04 22:14:47,322.9,355.6736,357.00,-1.3264,357.0000,+1.3264,21.66,1.00,25.0,900.0,0.0,HI,50.0,RAMPING
2026-09-04 22:14:49,324.3,355.6936,357.00,-1.3064,357.0000,+1.3064,21.69,1.00,25.0,900.0,0.0,HI,50.0,RAMPING
2026-09-04 22:14:50,325.7,355.7139,357.00,-1.2861,357.0000,+1.2861,21.66,1.00,25.0,900.0,0.0,HI,50.0,RAMPING
2026-09-04 22:14:52,327.1,355.7339,357.00,-1.2661,357.0000,+1.2661,21.72,1.00,25.0,900.0,0.0,HI,50.0,RAMPING
2026-09-04 22:14:53,328.5,355.7538,357.00,-1.2462,357.0000,+1.2462,21.66,1.00,25.0,900.0,0.0,HI,50.0,RAMPING
2026-09-04 22:14:54,329.9,355.7753,357.00,-1.2247,357.0000,+1.2247,21.68,1.00,25.0,900.0,0.0,HI,50.0,RAMPING
2026-09-04 22:14:56,331.3,355.7960,357.00,-1.2040,357.0000,+1.2040,21.64,1.00,25.0,900.0,0.0,HI,50.0,RAMPING
2026-09-04 22:14:57,332.7,355.8162,357.00,-1.1838,357.0000,+1.1838,21.69,1.00,25.0,900.0,0.0,HI,50.0,RAMPING
2026-09-04 22:14:59,334.1,355.8364,357.00,-1.1636,357.0000,+1.1636,21.65,1.00,25.0,900.0,0.0,HI,50.0,RAMPING
2026-09-04 22:15:00,335.5,355.8585,357.00,-1.1415,357.0000,+1.1415,21.69,1.00,25.0,900.0,0.0,HI,50.0,RAMPING
2026-09-04 22:15:01,336.9,355.8788,357.00,-1.1212,357.0000,+1.1212,21.65,1.00,25.0,900.0,0.0,HI,50.0,RAMPING
2026-09-04 22:15:03,338.3,355.8988,357.00,-1.1012,357.0000,+1.1012,21.71,1.00,25.0,900.0,0.0,HI,50.0,RAMPING
2026-09-04 22:15:04,339.7,355.9180,357.00,-1.0820,357.0000,+1.0820,21.77,1.00,25.0,900.0,0.0,HI,50.0,RAMPING
2026-09-04 22:15:06,341.1,355.9375,357.00,-1.0625,357.0000,+1.0625,21.82,1.00,25.0,900.0,0.0,HI,50.0,RAMPING
2026-09-04 22:15:07,342.5,355.9575,357.00,-1.0425,357.0000,+1.0425,21.81,1.00,25.0,900.0,0.0,HI,50.0,RAMPING
2026-09-04 22:15:08,343.9,355.9770,357.00,-1.0230,357.0000,+1.0230,21.83,1.00,25.0,900.0,0.0,HI,50.0,RAMPING
2026-09-04 22:15:10,345.3,355.9971,357.00,-1.0029,357.0000,+1.0029,21.75,1.00,25.0,900.0,0.0,HI,50.0,RAMPING
2026-09-04 22:15:11,346.7,356.0180,357.00,-0.9820,357.0000,+0.9820,21.72,1.00,25.0,900.0,0.0,HI,50.0,RAMPING
2026-09-04 22:15:13,348.1,356.0385,357.00,-0.9615,357.0000,+0.9615,21.77,1.00,25.0,900.0,0.0,HI,50.0,RAMPING
2026-09-04 22:15:14,349.5,356.0601,357.00,-0.9399,357.0000,+0.9399,21.77,1.00,25.0,900.0,0.0,HI,50.0,RAMPING
2026-09-04 22:15:15,350.9,356.0803,357.00,-0.9197,357.0000,+0.9197,21.78,1.00,25.0,900.0,0.0,HI,50.0,RAMPING
2026-09-04 22:15:17,352.3,356.1002,357.00,-0.8998,357.0000,+0.8998,21.77,1.00,25.0,900.0,0.0,HI,50.0,RAMPING
2026-09-04 22:15:18,353.7,356.1206,357.00,-0.8794,357.0000,+0.8794,21.78,1.00,25.0,900.0,0.0,HI,50.0,RAMPING
2026-09-04 22:15:20,355.1,356.1411,357.00,-0.8589,357.0000,+0.8589,21.82,1.00,25.0,900.0,0.0,HI,50.0,RAMPING
2026-09-04 22:15:21,356.5,356.1619,357.00,-0.8381,357.0000,+0.8381,21.85,1.00,25.0,900.0,0.0,HI,50.0,RAMPING
2026-09-04 22:15:22,358.0,356.1823,357.00,-0.8177,357.0000,+0.8177,21.76,1.00,25.0,900.0,0.0,HI,50.0,RAMPING
2026-09-04 22:15:24,359.4,356.2032,357.00,-0.7968,357.0000,+0.7968,21.74,1.00,25.0,900.0,0.0,HI,50.0,RAMPING
2026-09-04 22:15:25,360.8,356.2238,357.00,-0.7762,357.0000,+0.7762,21.77,1.00,25.0,900.0,0.0,HI,50.0,RAMPING
2026-09-04 22:15:27,362.2,356.2447,357.00,-0.7553,357.0000,+0.7553,21.73,1.00,25.0,900.0,0.0,HI,50.0,RAMPING
2026-09-04 22:15:28,363.6,356.2662,357.00,-0.7338,357.0000,+0.7338,21.72,1.00,25.0,900.0,0.0,HI,50.0,RAMPING
2026-09-04 22:15:29,365.0,356.2877,357.00,-0.7123,357.0000,+0.7123,21.63,1.00,25.0,900.0,0.0,HI,50.0,RAMPING
2026-09-04 22:15:31,366.4,356.3086,357.00,-0.6914,357.0000,+0.6914,21.55,1.00,25.0,900.0,0.0,HI,50.0,RAMPING
2026-09-04 22:15:32,367.8,356.3284,357.00,-0.6716,357.0000,+0.6716,21.15,1.00,25.0,900.0,0.0,HI,50.0,RAMPING
2026-09-04 22:15:34,369.2,356.3485,357.00,-0.6515,357.0000,+0.6515,20.62,1.00,25.0,900.0,0.0,HI,50.0,RAMPING
2026-09-04 22:15:35,370.6,356.3680,357.00,-0.6320,357.0000,+0.6320,20.13,1.00,25.0,900.0,0.0,HI,50.0,RAMPING
2026-09-04 22:15:36,372.0,356.3878,357.00,-0.6122,357.0000,+0.6122,19.66,1.00,25.0,900.0,0.0,HI,50.0,RAMPING
2026-09-04 22:15:38,373.4,356.4073,357.00,-0.5927,357.0000,+0.5927,19.21,1.00,25.0,900.0,0.0,HI,50.0,RAMPING
2026-09-04 22:15:39,374.8,356.4270,357.00,-0.5730,357.0000,+0.5730,18.67,1.00,25.0,900.0,0.0,HI,50.0,RAMPING
2026-09-04 22:15:41,376.2,356.4483,357.00,-0.5517,357.0000,+0.5517,18.22,1.00,25.0,900.0,0.0,HI,50.0,RAMPING
2026-09-04 22:15:42,377.6,356.4680,357.00,-0.5320,357.0000,+0.5320,17.70,1.00,25.0,900.0,0.0,HI,50.0,RAMPING
2026-09-04 22:15:44,379.0,356.4875,357.00,-0.5125,357.0000,+0.5125,17.29,1.00,25.0,900.0,0.0,HI,50.0,RAMPING
2026-09-04 22:15:45,380.5,356.5078,357.00,-0.4922,357.0000,+0.4922,16.86,1.00,25.0,900.0,0.0,HI,50.0,RAMPING
2026-09-04 22:15:46,381.9,356.5264,357.00,-0.4736,357.0000,+0.4736,16.43,1.00,25.0,900.0,0.0,HI,50.0,RAMPING
2026-09-04 22:15:48,383.3,356.5444,357.00,-0.4556,357.0000,+0.4556,16.02,1.00,25.0,900.0,0.0,HI,50.0,RAMPING
2026-09-04 22:15:49,384.7,356.5625,357.00,-0.4375,357.0000,+0.4375,15.56,1.00,25.0,900.0,0.0,HI,50.0,RAMPING
2026-09-04 22:15:51,386.1,356.5812,357.00,-0.4188,357.0000,+0.4188,15.22,1.00,25.0,900.0,0.0,HI,50.0,RAMPING
2026-09-04 22:15:52,387.5,356.5980,357.00,-0.4020,357.0000,+0.4020,14.83,1.00,25.0,900.0,0.0,HI,50.0,RAMPING
2026-09-04 22:15:53,388.9,356.6144,357.00,-0.3856,357.0000,+0.3856,14.48,1.00,25.0,900.0,0.0,HI,50.0,RAMPING
2026-09-04 22:15:55,390.3,356.6299,357.00,-0.3701,357.0000,+0.3701,14.09,1.00,25.0,900.0,0.0,HI,50.0,RAMPING
2026-09-04 22:15:56,391.7,356.6453,357.00,-0.3547,357.0000,+0.3547,13.76,1.00,25.0,900.0,0.0,HI,50.0,RAMPING
2026-09-04 22:15:58,393.1,356.6607,357.00,-0.3393,357.0000,+0.3393,13.49,1.00,25.0,900.0,0.0,HI,50.0,RAMPING
2026-09-04 22:15:59,394.5,356.6747,357.00,-0.3253,357.0000,+0.3253,13.15,1.00,25.0,900.0,0.0,HI,50.0,RAMPING
2026-09-04 22:16:00,395.9,356.6888,357.00,-0.3112,357.0000,+0.3112,12.80,1.00,25.0,900.0,0.0,HI,50.0,RAMPING
2026-09-04 22:16:02,397.3,356.7022,357.00,-0.2978,357.0000,+0.2978,12.54,1.00,25.0,900.0,0.0,HI,50.0,RAMPING
2026-09-04 22:16:03,398.7,356.7140,357.00,-0.2860,357.0000,+0.2860,12.28,1.00,25.0,900.0,0.0,HI,50.0,RAMPING
2026-09-04 22:16:05,400.1,356.7267,357.00,-0.2733,357.0000,+0.2733,12.07,1.00,25.0,900.0,0.0,HI,50.0,RAMPING
2026-09-04 22:16:06,401.5,356.7375,357.00,-0.2625,357.0000,+0.2625,11.80,1.00,25.0,900.0,0.0,HI,50.0,RAMPING
2026-09-04 22:16:07,402.9,356.7486,357.00,-0.2514,357.0000,+0.2514,11.62,1.00,25.0,900.0,0.0,HI,50.0,RAMPING
2026-09-04 22:16:09,404.3,356.7581,357.00,-0.2419,357.0000,+0.2419,11.46,1.00,25.0,900.0,0.0,HI,50.0,RAMPING
2026-09-04 22:16:10,405.7,356.7681,357.00,-0.2319,357.0000,+0.2319,11.15,1.00,25.0,900.0,0.0,HI,50.0,RAMPING
2026-09-04 22:16:12,407.1,356.7779,357.00,-0.2221,357.0000,+0.2221,10.99,1.00,25.0,900.0,0.0,HI,50.0,RAMPING
2026-09-04 22:16:13,408.5,356.7871,357.00,-0.2129,357.0000,+0.2129,10.73,1.00,25.0,900.0,0.0,HI,50.0,RAMPING
2026-09-04 22:16:14,409.9,356.7957,357.00,-0.2043,357.0000,+0.2043,10.53,1.00,25.0,900.0,0.0,HI,50.0,RAMPING
2026-09-04 22:16:16,411.3,356.8051,357.00,-0.1949,357.0000,+0.1949,10.40,1.00,25.0,900.0,0.0,HI,50.0,SETTLED
2026-09-04 22:16:17,412.7,356.8134,357.00,-0.1866,357.0000,+0.1866,10.27,1.00,25.0,900.0,0.0,HI,50.0,SETTLED
2026-09-04 22:16:19,414.1,356.8207,357.00,-0.1793,357.0000,+0.1793,10.08,1.00,25.0,900.0,0.0,HI,50.0,SETTLED
2026-09-04 22:16:20,415.5,356.8284,357.00,-0.1716,357.0000,+0.1716,9.90,1.00,25.0,900.0,0.0,HI,50.0,SETTLED
2026-09-04 22:16:21,416.9,356.8347,357.00,-0.1653,357.0000,+0.1653,9.82,1.00,25.0,900.0,0.0,HI,50.0,SETTLED
2026-09-04 22:16:23,418.3,356.8412,357.00,-0.1588,357.0000,+0.1588,9.62,1.00,25.0,900.0,0.0,HI,50.0,SETTLED
2026-09-04 22:16:24,419.8,356.8481,357.00,-0.1519,357.0000,+0.1519,9.54,1.00,25.0,900.0,0.0,HI,50.0,SETTLED
2026-09-04 22:16:26,421.2,356.8535,357.00,-0.1465,357.0000,+0.1465,9.41,1.00,25.0,900.0,0.0,HI,50.0,SETTLED
2026-09-04 22:16:27,422.6,356.8593,357.00,-0.1407,357.0000,+0.1407,9.26,1.00,25.0,900.0,0.0,HI,50.0,SETTLED
2026-09-04 22:16:28,424.0,356.8647,357.00,-0.1353,357.0000,+0.1353,9.18,1.00,25.0,900.0,0.0,HI,50.0,SETTLED
2026-09-04 22:16:30,425.4,356.8700,357.00,-0.1300,357.0000,+0.1300,9.05,1.00,25.0,900.0,0.0,HI,50.0,SETTLED
2026-09-04 22:16:31,426.8,356.8750,357.00,-0.1250,357.0000,+0.1250,8.98,1.00,25.0,900.0,0.0,HI,50.0,SETTLED
2026-09-04 22:16:33,428.2,356.8796,357.00,-0.1204,357.0000,+0.1204,8.80,1.00,25.0,900.0,0.0,HI,50.0,SETTLED
2026-09-04 22:16:34,429.6,356.8842,357.00,-0.1158,357.0000,+0.1158,8.75,1.00,25.0,900.0,0.0,HI,50.0,SETTLED
2026-09-04 22:16:35,431.0,356.8884,357.00,-0.1116,357.0000,+0.1116,8.62,1.00,25.0,900.0,0.0,HI,50.0,SETTLED
2026-09-04 22:16:37,432.4,356.8928,357.00,-0.1072,357.0000,+0.1072,8.57,1.00,25.0,900.0,0.0,HI,50.0,SETTLED
2026-09-04 22:16:38,433.8,356.8968,357.00,-0.1032,357.0000,+0.1032,8.48,1.00,25.0,900.0,0.0,HI,50.0,SETTLED
2026-09-04 22:16:40,435.2,356.9006,357.00,-0.0994,357.0000,+0.0994,8.39,1.00,25.0,900.0,0.0,HI,50.0,SETTLED
2026-09-04 22:16:41,436.6,356.9047,357.00,-0.0953,357.0000,+0.0953,8.25,1.00,25.0,900.0,0.0,HI,50.0,SETTLED
2026-09-04 22:16:43,438.0,356.9086,357.00,-0.0914,357.0000,+0.0914,8.20,1.00,25.0,900.0,0.0,HI,50.0,SETTLED
2026-09-04 22:16:44,439.4,356.9123,357.00,-0.0877,357.0000,+0.0877,8.17,1.00,25.0,900.0,0.0,HI,50.0,SETTLED
2026-09-04 22:16:45,440.8,356.9149,357.00,-0.0851,357.0000,+0.0851,8.10,1.00,25.0,900.0,0.0,HI,50.0,SETTLED
2026-09-04 22:16:47,442.2,356.9182,357.00,-0.0818,357.0000,+0.0818,8.00,1.00,25.0,900.0,0.0,HI,50.0,SETTLED
2026-09-04 22:16:48,443.6,356.9214,357.00,-0.0786,357.0000,+0.0786,7.90,1.00,25.0,900.0,0.0,HI,50.0,SETTLED
2026-09-04 22:16:50,445.0,356.9247,357.00,-0.0753,357.0000,+0.0753,7.85,1.00,25.0,900.0,0.0,HI,50.0,SETTLED
2026-09-04 22:16:51,446.4,356.9276,357.00,-0.0724,357.0000,+0.0724,7.84,1.00,25.0,900.0,0.0,HI,50.0,SETTLED
2026-09-04 22:16:52,447.8,356.9298,357.00,-0.0702,357.0000,+0.0702,7.81,1.00,25.0,900.0,0.0,HI,50.0,SETTLED
2026-09-04 22:16:54,449.2,356.9317,357.00,-0.0683,357.0000,+0.0683,7.82,1.00,25.0,900.0,0.0,HI,50.0,SETTLED
2026-09-04 22:16:55,450.6,356.9339,357.00,-0.0661,357.0000,+0.0661,7.26,1.00,25.0,900.0,0.0,HI,50.0,SETTLED
2026-09-04 22:16:57,452.0,356.9373,357.00,-0.0627,357.0000,+0.0627,7.67,1.00,25.0,900.0,0.0,HI,50.0,SETTLED
2026-09-04 22:16:58,453.4,356.9388,357.00,-0.0612,357.0000,+0.0612,7.67,1.00,25.0,900.0,0.0,HI,50.0,SETTLED
2026-09-04 22:16:59,454.8,356.9402,357.00,-0.0598,357.0000,+0.0598,7.60,1.00,25.0,900.0,0.0,HI,50.0,SETTLED
2026-09-04 22:17:01,456.2,356.9414,357.00,-0.0586,357.0000,+0.0586,7.57,1.00,25.0,900.0,0.0,HI,50.0,SETTLED
2026-09-04 22:17:02,457.6,356.9422,357.00,-0.0578,357.0000,+0.0578,7.63,1.00,25.0,900.0,0.0,HI,50.0,SETTLED
2026-09-04 22:17:04,459.1,356.9429,357.00,-0.0571,357.0000,+0.0571,7.57,1.00,25.0,900.0,0.0,HI,50.0,SETTLED
2026-09-04 22:17:05,460.5,356.9438,357.00,-0.0562,357.0000,+0.0562,7.58,1.00,25.0,900.0,0.0,HI,50.0,SETTLED
2026-09-04 22:17:06,461.9,356.9444,357.00,-0.0556,357.0000,+0.0556,7.60,1.00,25.0,900.0,0.0,HI,50.0,SETTLED
2026-09-04 22:17:08,463.3,356.9454,357.00,-0.0546,357.0000,+0.0546,7.55,1.00,25.0,900.0,0.0,HI,50.0,SETTLED
2026-09-04 22:17:09,464.7,356.9463,357.00,-0.0537,357.0000,+0.0537,7.51,1.00,25.0,900.0,0.0,HI,50.0,SETTLED
2026-09-04 22:17:11,466.1,356.9477,357.00,-0.0523,357.0000,+0.0523,7.44,1.00,25.0,900.0,0.0,HI,50.0,SETTLED
2026-09-04 22:17:12,467.5,356.9489,357.00,-0.0511,357.0000,+0.0511,7.41,1.00,25.0,900.0,0.0,HI,50.0,SETTLED
2026-09-04 22:17:13,468.9,356.9497,357.00,-0.0503,357.0000,+0.0503,7.48,1.00,25.0,900.0,0.0,HI,50.0,SETTLED
2026-09-04 22:17:15,470.3,356.9502,357.00,-0.0498,357.0000,+0.0498,7.45,1.00,25.0,900.0,0.0,HI,50.0,SETTLED
2026-09-04 22:17:16,471.7,356.9511,357.00,-0.0489,357.0000,+0.0489,7.45,1.00,25.0,900.0,0.0,HI,50.0,SETTLED
2026-09-04 22:17:18,473.1,356.9507,357.00,-0.0493,357.0000,+0.0493,7.50,1.00,25.0,900.0,0.0,HI,50.0,SETTLED
2026-09-04 22:17:19,474.5,356.9505,357.00,-0.0495,357.0000,+0.0495,7.43,1.00,25.0,900.0,0.0,HI,50.0,SETTLED
2026-09-04 22:17:20,475.9,356.9514,357.00,-0.0486,357.0000,+0.0486,7.40,1.00,25.0,900.0,0.0,HI,50.0,SETTLED
2026-09-04 22:17:22,477.3,356.9524,357.00,-0.0476,357.0000,+0.0476,7.40,1.00,25.0,900.0,0.0,HI,50.0,SETTLED
2026-09-04 22:17:23,478.7,356.9526,357.00,-0.0474,357.0000,+0.0474,7.39,1.00,25.0,900.0,0.0,HI,50.0,SETTLED
2026-09-04 22:17:25,480.1,356.9526,357.00,-0.0474,357.0000,+0.0474,7.39,1.00,25.0,900.0,0.0,HI,50.0,SETTLED
2026-09-04 22:17:26,481.5,356.9531,357.00,-0.0469,357.0000,+0.0469,7.41,1.00,25.0,900.0,0.0,HI,50.0,SETTLED
2026-09-04 22:17:27,482.9,356.9528,357.00,-0.0472,357.0000,+0.0472,7.41,1.00,25.0,900.0,0.0,HI,50.0,SETTLED
2026-09-04 22:17:29,484.3,356.9537,357.00,-0.0463,357.0000,+0.0463,7.33,1.00,25.0,900.0,0.0,HI,50.0,SETTLED
2026-09-04 22:17:30,485.7,356.9548,357.00,-0.0452,357.0000,+0.0452,7.28,1.00,25.0,900.0,0.0,HI,50.0,SETTLED
2026-09-04 22:17:32,487.1,356.9561,357.00,-0.0439,357.0000,+0.0439,7.30,1.00,25.0,900.0,0.0,HI,50.0,SETTLED
2026-09-04 22:17:33,488.5,356.9564,357.00,-0.0436,357.0000,+0.0436,7.32,1.00,25.0,900.0,0.0,HI,50.0,SETTLED
2026-09-04 22:17:34,489.9,356.9567,357.00,-0.0433,357.0000,+0.0433,7.29,1.00,25.0,900.0,0.0,HI,50.0,SETTLED
2026-09-04 22:17:36,491.3,356.9572,357.00,-0.0428,357.0000,+0.0428,7.31,1.00,25.0,900.0,0.0,HI,50.0,SETTLED
2026-09-04 22:17:37,492.7,356.9582,357.00,-0.0418,357.0000,+0.0418,7.27,1.00,25.0,900.0,0.0,HI,50.0,SETTLED
2026-09-04 22:17:39,494.1,356.9583,357.00,-0.0417,357.0000,+0.0417,7.28,1.00,25.0,900.0,0.0,HI,50.0,SETTLED
2026-09-04 22:17:40,495.5,356.9583,357.00,-0.0417,357.0000,+0.0417,7.28,1.00,25.0,900.0,0.0,HI,50.0,SETTLED
2026-09-04 22:17:41,496.9,356.9583,357.00,-0.0417,357.0000,+0.0417,7.31,1.00,25.0,900.0,0.0,HI,50.0,SETTLED
2026-09-04 22:17:43,498.3,356.9583,357.00,-0.0417,357.0000,+0.0417,7.32,1.00,25.0,900.0,0.0,HI,50.0,SETTLED
2026-09-04 22:17:44,499.8,356.9583,357.00,-0.0417,357.0000,+0.0417,7.30,1.00,25.0,900.0,0.0,HI,50.0,SETTLED
2026-09-04 22:17:46,501.2,356.9587,357.00,-0.0413,357.0000,+0.0413,7.25,1.00,25.0,900.0,0.0,HI,50.0,SETTLED
2026-09-04 22:17:47,502.6,356.9594,357.00,-0.0406,357.0000,+0.0406,7.24,1.00,25.0,900.0,0.0,HI,50.0,SETTLED
2026-09-04 22:17:48,504.0,356.9603,357.00,-0.0397,357.0000,+0.0397,7.20,1.00,25.0,900.0,0.0,HI,50.0,SETTLED
2026-09-04 22:17:50,505.4,356.9613,357.00,-0.0387,357.0000,+0.0387,7.16,1.00,25.0,900.0,0.0,HI,50.0,SETTLED
2026-09-04 22:17:51,506.8,356.9623,357.00,-0.0377,357.0000,+0.0377,7.12,1.00,25.0,900.0,0.0,HI,50.0,SETTLED
2026-09-04 22:17:53,508.2,356.9633,357.00,-0.0367,357.0000,+0.0367,7.14,1.00,25.0,900.0,0.0,HI,50.0,SETTLED
2026-09-04 22:17:54,509.6,356.9636,357.00,-0.0364,357.0000,+0.0364,7.17,1.00,25.0,900.0,0.0,HI,50.0,SETTLED
2026-09-04 22:17:55,511.0,356.9638,357.00,-0.0362,357.0000,+0.0362,7.22,1.00,25.0,900.0,0.0,HI,50.0,SETTLED
2026-09-04 22:17:57,512.4,356.9640,357.00,-0.0360,357.0000,+0.0360,7.17,1.00,25.0,900.0,0.0,HI,50.0,SETTLED
2026-09-04 22:17:58,513.8,356.9640,357.00,-0.0360,357.0000,+0.0360,7.23,1.00,25.0,900.0,0.0,HI,50.0,SETTLED
2026-09-04 22:18:00,515.2,356.9634,357.00,-0.0366,357.0000,+0.0366,7.26,1.00,25.0,900.0,0.0,HI,50.0,SETTLED
2026-09-04 22:18:01,516.6,356.9627,357.00,-0.0373,357.0000,+0.0373,7.26,1.00,25.0,900.0,0.0,HI,50.0,SETTLED
2026-09-04 22:18:03,518.0,356.9622,357.00,-0.0378,357.0000,+0.0378,7.26,1.00,25.0,900.0,0.0,HI,50.0,SETTLED
2026-09-04 22:18:04,519.4,356.9619,357.00,-0.0381,357.0000,+0.0381,7.29,1.00,25.0,900.0,0.0,HI,50.0,SETTLED
2026-09-04 22:18:05,520.8,356.9618,357.00,-0.0382,357.0000,+0.0382,7.27,1.00,25.0,900.0,0.0,HI,50.0,SETTLED
2026-09-04 22:18:07,522.2,356.9619,357.00,-0.0381,357.0000,+0.0381,7.26,1.00,25.0,900.0,0.0,HI,50.0,SETTLED
2026-09-04 22:18:08,523.6,356.9621,357.00,-0.0379,357.0000,+0.0379,7.25,1.00,25.0,900.0,0.0,HI,50.0,SETTLED
2026-09-04 22:18:10,525.0,356.9621,357.00,-0.0379,357.0000,+0.0379,7.22,1.00,25.0,900.0,0.0,HI,50.0,SETTLED
2026-09-04 22:18:11,526.4,356.9620,357.00,-0.0380,357.0000,+0.0380,7.26,1.00,25.0,900.0,0.0,HI,50.0,SETTLED
2026-09-04 22:18:12,527.8,356.9620,357.00,-0.0380,357.0000,+0.0380,7.25,1.00,25.0,900.0,0.0,HI,50.0,SETTLED
2026-09-04 22:18:14,529.2,356.9619,357.00,-0.0381,357.0000,+0.0381,7.30,1.00,25.0,900.0,0.0,HI,50.0,SETTLED
2026-09-04 22:18:15,530.6,356.9616,357.00,-0.0384,357.0000,+0.0384,7.23,1.00,25.0,900.0,0.0,HI,50.0,SETTLED
2026-09-04 22:18:17,532.0,356.9622,357.00,-0.0378,357.0000,+0.0378,7.25,1.00,25.0,900.0,0.0,HI,50.0,SETTLED
2026-09-04 22:18:18,533.4,356.9623,357.00,-0.0377,357.0000,+0.0377,7.23,1.00,25.0,900.0,0.0,HI,50.0,SETTLED
2026-09-04 22:18:19,534.8,356.9623,357.00,-0.0377,357.0000,+0.0377,7.24,1.00,25.0,900.0,0.0,HI,50.0,SETTLED
2026-09-04 22:18:21,536.2,356.9622,357.00,-0.0378,357.0000,+0.0378,7.23,1.00,25.0,900.0,0.0,HI,50.0,SETTLED
2026-09-04 22:18:22,537.7,356.9624,357.00,-0.0376,357.0000,+0.0376,7.22,1.00,25.0,900.0,0.0,HI,50.0,SETTLED
2026-09-04 22:18:24,539.1,356.9626,357.00,-0.0374,357.0000,+0.0374,7.22,1.00,25.0,900.0,0.0,HI,50.0,SETTLED
2026-09-04 22:18:25,540.5,356.9620,357.00,-0.0380,357.0000,+0.0380,7.31,1.00,25.0,900.0,0.0,HI,50.0,SETTLED
2026-09-04 22:18:26,541.9,356.9619,357.00,-0.0381,357.0000,+0.0381,7.25,1.00,25.0,900.0,0.0,HI,50.0,SETTLED
2026-09-04 22:18:28,543.3,356.9622,357.00,-0.0378,357.0000,+0.0378,7.25,1.00,25.0,900.0,0.0,HI,50.0,SETTLED
2026-09-04 22:18:29,544.7,356.9622,357.00,-0.0378,357.0000,+0.0378,7.26,1.00,25.0,900.0,0.0,HI,50.0,SETTLED
2026-09-04 22:18:31,546.1,356.9621,357.00,-0.0379,357.0000,+0.0379,7.25,1.00,25.0,900.0,0.0,HI,50.0,SETTLED
2026-09-04 22:18:32,547.5,356.9622,357.00,-0.0378,357.0000,+0.0378,7.24,1.00,25.0,900.0,0.0,HI,50.0,SETTLED
2026-09-04 22:18:33,548.9,356.9622,357.00,-0.0378,357.0000,+0.0378,7.29,1.00,25.0,900.0,0.0,HI,50.0,SETTLED
2026-09-04 22:18:35,550.3,356.9622,357.00,-0.0378,357.0000,+0.0378,7.31,1.00,25.0,900.0,0.0,HI,50.0,SETTLED
2026-09-04 22:18:36,551.7,356.9618,357.00,-0.0382,357.0000,+0.0382,7.32,1.00,25.0,900.0,0.0,HI,50.0,SETTLED
2026-09-04 22:18:38,553.1,356.9616,357.00,-0.0384,357.0000,+0.0384,7.25,1.00,25.0,900.0,0.0,HI,50.0,SETTLED
2026-09-04 22:18:39,554.5,356.9608,357.00,-0.0392,357.0000,+0.0392,7.45,1.00,25.0,900.0,0.0,HI,50.0,SETTLED
2026-09-04 22:18:40,555.9,356.9589,357.00,-0.0411,357.0000,+0.0411,7.47,1.00,25.0,900.0,0.0,HI,50.0,SETTLED
2026-09-04 22:18:42,557.3,356.9574,357.00,-0.0426,357.0000,+0.0426,7.44,1.00,25.0,900.0,0.0,HI,50.0,SETTLED
2026-09-04 22:18:43,558.7,356.9565,357.00,-0.0435,357.0000,+0.0435,7.48,1.00,25.0,900.0,0.0,HI,50.0,SETTLED
2026-09-04 22:18:45,560.1,356.9563,357.00,-0.0437,357.0000,+0.0437,7.40,1.00,25.0,900.0,0.0,HI,50.0,SETTLED
2026-09-04 22:18:46,561.5,356.9563,357.00,-0.0437,357.0000,+0.0437,7.40,1.00,25.0,900.0,0.0,HI,50.0,SETTLED
2026-09-04 22:18:47,562.9,356.9563,357.00,-0.0437,357.0000,+0.0437,7.40,1.00,25.0,900.0,0.0,HI,50.0,SETTLED
2026-09-04 22:18:49,564.3,356.9563,357.00,-0.0437,357.0000,+0.0437,7.37,1.00,25.0,900.0,0.0,HI,50.0,SETTLED
2026-09-04 22:18:50,565.7,356.9568,357.00,-0.0432,357.0000,+0.0432,7.37,1.00,25.0,900.0,0.0,HI,50.0,SETTLED
2026-09-04 22:18:52,567.1,356.9562,357.00,-0.0438,357.0000,+0.0438,7.57,1.00,25.0,900.0,0.0,HI,50.0,SETTLED
2026-09-04 22:18:53,568.5,356.9534,357.00,-0.0466,357.0000,+0.0466,7.67,1.00,25.0,900.0,0.0,HI,50.0,SETTLED
2026-09-04 22:18:54,569.9,356.9521,357.00,-0.0479,357.0000,+0.0479,7.60,1.00,25.0,900.0,0.0,HI,50.0,SETTLED
2026-09-04 22:18:56,571.3,356.9514,357.00,-0.0486,357.0000,+0.0486,7.59,1.00,25.0,900.0,0.0,HI,50.0,SETTLED
2026-09-04 22:18:57,572.7,356.9507,357.00,-0.0493,357.0000,+0.0493,7.59,1.00,25.0,900.0,0.0,HI,50.0,SETTLED
2026-09-04 22:18:59,574.2,356.9506,357.00,-0.0494,357.0000,+0.0494,7.49,1.00,25.0,900.0,0.0,HI,50.0,SETTLED
2026-09-04 22:19:00,575.6,356.9509,357.00,-0.0491,357.0000,+0.0491,7.54,1.00,25.0,900.0,0.0,HI,50.0,SETTLED
2026-09-04 22:19:01,577.0,356.9515,357.00,-0.0485,357.0000,+0.0485,7.51,1.00,25.0,900.0,0.0,HI,50.0,SETTLED
2026-09-04 22:19:03,578.4,356.9527,357.00,-0.0473,357.0000,+0.0473,7.45,1.00,25.0,900.0,0.0,HI,50.0,SETTLED
2026-09-04 22:19:04,579.8,356.9529,357.00,-0.0471,357.0000,+0.0471,7.52,1.00,25.0,900.0,0.0,HI,50.0,SETTLED
2026-09-04 22:19:06,581.2,356.9528,357.00,-0.0472,357.0000,+0.0472,7.51,1.00,25.0,900.0,0.0,HI,50.0,SETTLED
2026-09-04 22:19:07,582.6,356.9525,357.00,-0.0475,357.0000,+0.0475,7.59,1.00,25.0,900.0,0.0,HI,50.0,SETTLED
2026-09-04 22:19:08,584.0,356.9524,357.00,-0.0476,357.0000,+0.0476,7.56,1.00,25.0,900.0,0.0,HI,50.0,SETTLED
2026-09-04 22:19:10,585.4,356.9524,357.00,-0.0476,357.0000,+0.0476,7.56,1.00,25.0,900.0,0.0,HI,50.0,SETTLED
2026-09-04 22:19:11,586.8,356.9526,357.00,-0.0474,357.0000,+0.0474,7.46,1.00,25.0,900.0,0.0,HI,50.0,SETTLED
2026-09-04 22:19:13,588.2,356.9530,357.00,-0.0470,357.0000,+0.0470,7.50,1.00,25.0,900.0,0.0,HI,50.0,SETTLED
2026-09-04 22:19:14,589.6,356.9535,357.00,-0.0465,357.0000,+0.0465,7.48,1.00,25.0,900.0,0.0,HI,50.0,SETTLED
2026-09-04 22:19:16,591.0,356.9540,357.00,-0.0460,357.0000,+0.0460,7.48,1.00,25.0,900.0,0.0,HI,50.0,SETTLED
