Timestamp,Elapsed_Sec,Temp_A_K,Setpoint_K,Error_K,Heater_Pct,Rate,P_Gain,I_Gain,D_Gain,Range,Type,Stage
2026-09-04 17:12:23,0.0,306.6862,315.00,-8.3138,1.32,2.000000,2.020000,30.400000,70.000000,HI,RAMPP,RAMPING
2026-09-04 17:12:24,1.4,306.6851,315.00,-8.3149,1.42,2.000000,2.020000,30.400000,70.000000,HI,RAMPP,RAMPING
2026-09-04 17:12:26,2.8,306.6825,315.00,-8.3175,1.53,2.000000,2.020000,30.400000,70.000000,HI,RAMPP,RAMPING
2026-09-04 17:12:27,4.2,306.6804,315.00,-8.3196,1.62,2.000000,2.020000,30.400000,70.000000,HI,RAMPP,RAMPING
2026-09-04 17:12:28,5.6,306.6790,315.00,-8.3210,1.72,2.000000,2.020000,30.400000,70.000000,HI,RAMPP,RAMPING
2026-09-04 17:12:30,7.0,306.6775,315.00,-8.3225,1.82,2.000000,2.020000,30.400000,70.000000,HI,RAMPP,RAMPING
2026-09-04 17:12:31,8.4,306.6764,315.00,-8.3236,1.93,2.000000,2.020000,30.400000,70.000000,HI,RAMPP,RAMPING
2026-09-04 17:12:33,9.8,306.6757,315.00,-8.3243,2.04,2.000000,2.020000,30.400000,70.000000,HI,RAMPP,RAMPING
2026-09-04 17:12:34,11.2,306.6739,315.00,-8.3261,2.17,2.000000,2.020000,30.400000,70.000000,HI,RAMPP,RAMPING
2026-09-04 17:12:35,12.6,306.6725,315.00,-8.3275,2.25,2.000000,2.020000,30.400000,70.000000,HI,RAMPP,RAMPING
2026-09-04 17:12:37,14.0,306.6736,315.00,-8.3264,2.36,2.000000,2.020000,30.400000,70.000000,HI,RAMPP,RAMPING
2026-09-04 17:12:38,15.4,306.6738,315.00,-8.3262,2.50,2.000000,2.020000,30.400000,70.000000,HI,RAMPP,RAMPING
2026-09-04 17:12:40,16.8,306.6732,315.00,-8.3268,2.61,2.000000,2.020000,30.400000,70.000000,HI,RAMPP,RAMPING
2026-09-04 17:12:41,18.2,306.6732,315.00,-8.3268,2.74,2.000000,2.020000,30.400000,70.000000,HI,RAMPP,RAMPING
2026-09-04 17:12:42,19.7,306.6733,315.00,-8.3267,2.87,2.000000,2.020000,30.400000,70.000000,HI,RAMPP,RAMPING
2026-09-04 17:12:44,21.1,306.6725,315.00,-8.3275,3.02,2.000000,2.020000,30.400000,70.000000,HI,RAMPP,RAMPING
2026-09-04 17:12:45,22.5,306.6707,315.00,-8.3293,3.16,2.000000,2.020000,30.400000,70.000000,HI,RAMPP,RAMPING
2026-09-04 17:12:47,23.9,306.6685,315.00,-8.3315,3.31,2.000000,2.020000,30.400000,70.000000,HI,RAMPP,RAMPING
2026-09-04 17:12:48,25.3,306.6668,315.00,-8.3332,3.46,2.000000,2.020000,30.400000,70.000000,HI,RAMPP,RAMPING
2026-09-04 17:12:49,26.7,306.6656,315.00,-8.3344,3.61,2.000000,2.020000,30.400000,70.000000,HI,RAMPP,RAMPING
2026-09-04 17:12:51,28.1,306.6643,315.00,-8.3357,3.75,2.000000,2.020000,30.400000,70.000000,HI,RAMPP,RAMPING
2026-09-04 17:12:52,29.5,306.6634,315.00,-8.3366,3.90,2.000000,2.020000,30.400000,70.000000,HI,RAMPP,RAMPING
2026-09-04 17:12:54,30.9,306.6628,315.00,-8.3372,4.07,2.000000,2.020000,30.400000,70.000000,HI,RAMPP,RAMPING
2026-09-04 17:12:55,32.3,306.6620,315.00,-8.3380,4.22,2.000000,2.020000,30.400000,70.000000,HI,RAMPP,RAMPING
2026-09-04 17:12:56,33.7,306.6614,315.00,-8.3386,4.39,2.000000,2.020000,30.400000,70.000000,HI,RAMPP,RAMPING
2026-09-04 17:12:58,35.1,306.6607,315.00,-8.3393,4.55,2.000000,2.020000,30.400000,70.000000,HI,RAMPP,RAMPING
2026-09-04 17:12:59,36.5,306.6603,315.00,-8.3397,4.72,2.000000,2.020000,30.400000,70.000000,HI,RAMPP,RAMPING
2026-09-04 17:13:01,37.9,306.6590,315.00,-8.3410,4.90,2.000000,2.020000,30.400000,70.000000,HI,RAMPP,RAMPING
2026-09-04 17:13:02,39.3,306.6579,315.00,-8.3421,5.08,2.000000,2.020000,30.400000,70.000000,HI,RAMPP,RAMPING
2026-09-04 17:13:03,40.7,306.6568,315.00,-8.3432,5.25,2.000000,2.020000,30.400000,70.000000,HI,RAMPP,RAMPING
2026-09-04 17:13:05,42.1,306.6572,315.00,-8.3428,5.41,2.000000,2.020000,30.400000,70.000000,HI,RAMPP,RAMPING
2026-09-04 17:13:06,43.5,306.6578,315.00,-8.3422,5.59,2.000000,2.020000,30.400000,70.000000,HI,RAMPP,RAMPING
2026-09-04 17:13:08,44.9,306.6584,315.00,-8.3416,5.78,2.000000,2.020000,30.400000,70.000000,HI,RAMPP,RAMPING
2026-09-04 17:13:09,46.3,306.6591,315.00,-8.3409,5.96,2.000000,2.020000,30.400000,70.000000,HI,RAMPP,RAMPING
2026-09-04 17:13:10,47.7,306.6602,315.00,-8.3398,6.14,2.000000,2.020000,30.400000,70.000000,HI,RAMPP,RAMPING
2026-09-04 17:13:12,49.1,306.6610,315.00,-8.3390,6.33,2.000000,2.020000,30.400000,70.000000,HI,RAMPP,RAMPING
2026-09-04 17:13:13,50.5,306.6619,315.00,-8.3381,6.53,2.000000,2.020000,30.400000,70.000000,HI,RAMPP,RAMPING
2026-09-04 17:13:15,51.9,306.6625,315.00,-8.3375,6.73,2.000000,2.020000,30.400000,70.000000,HI,RAMPP,RAMPING
2026-09-04 17:13:16,53.3,306.6637,315.00,-8.3363,6.94,2.000000,2.020000,30.400000,70.000000,HI,RAMPP,RAMPING
2026-09-04 17:13:17,54.7,306.6642,315.00,-8.3358,7.13,2.000000,2.020000,30.400000,70.000000,HI,RAMPP,RAMPING
2026-09-04 17:13:19,56.1,306.6645,315.00,-8.3355,7.35,2.000000,2.020000,30.400000,70.000000,HI,RAMPP,RAMPING
2026-09-04 17:13:20,57.5,306.6651,315.00,-8.3349,7.55,2.000000,2.020000,30.400000,70.000000,HI,RAMPP,RAMPING
2026-09-04 17:13:22,58.9,306.6661,315.00,-8.3339,7.77,2.000000,2.020000,30.400000,70.000000,HI,RAMPP,RAMPING
2026-09-04 17:13:23,60.4,306.6670,315.00,-8.3330,7.98,2.000000,2.020000,30.400000,70.000000,HI,RAMPP,RAMPING
2026-09-04 17:13:24,61.8,306.6681,315.00,-8.3319,8.19,2.000000,2.020000,30.400000,70.000000,HI,RAMPP,RAMPING
2026-09-04 17:13:26,63.2,306.6692,315.00,-8.3308,8.41,2.000000,2.020000,30.400000,70.000000,HI,RAMPP,RAMPING
2026-09-04 17:13:27,64.6,306.6707,315.00,-8.3293,8.65,2.000000,2.020000,30.400000,70.000000,HI,RAMPP,RAMPING
2026-09-04 17:13:29,66.0,306.6718,315.00,-8.3282,8.86,2.000000,2.020000,30.400000,70.000000,HI,RAMPP,RAMPING
2026-09-04 17:13:30,67.4,306.6736,315.00,-8.3264,9.08,2.000000,2.020000,30.400000,70.000000,HI,RAMPP,RAMPING
2026-09-04 17:13:31,68.8,306.6760,315.00,-8.3240,9.31,2.000000,2.020000,30.400000,70.000000,HI,RAMPP,RAMPING
2026-09-04 17:13:33,70.2,306.6782,315.00,-8.3218,9.54,2.000000,2.020000,30.400000,70.000000,HI,RAMPP,RAMPING
2026-09-04 17:13:34,71.6,306.6815,315.00,-8.3185,9.76,2.000000,2.020000,30.400000,70.000000,HI,RAMPP,RAMPING
2026-09-04 17:13:36,73.0,306.6852,315.00,-8.3148,10.00,2.000000,2.020000,30.400000,70.000000,HI,RAMPP,RAMPING
2026-09-04 17:13:37,74.4,306.6889,315.00,-8.3111,10.22,2.000000,2.020000,30.400000,70.000000,HI,RAMPP,RAMPING
2026-09-04 17:13:39,75.8,306.6924,315.00,-8.3076,10.45,2.000000,2.020000,30.400000,70.000000,HI,RAMPP,RAMPING
2026-09-04 17:13:40,77.2,306.6963,315.00,-8.3037,10.69,2.000000,2.020000,30.400000,70.000000,HI,RAMPP,RAMPING
2026-09-04 17:13:41,78.6,306.7005,315.00,-8.2995,10.93,2.000000,2.020000,30.400000,70.000000,HI,RAMPP,RAMPING
2026-09-04 17:13:43,80.0,306.7051,315.00,-8.2949,11.16,2.000000,2.020000,30.400000,70.000000,HI,RAMPP,RAMPING
2026-09-04 17:13:44,81.4,306.7110,315.00,-8.2890,11.39,2.000000,2.020000,30.400000,70.000000,HI,RAMPP,RAMPING
2026-09-04 17:13:46,82.8,306.7170,315.00,-8.2830,11.62,2.000000,2.020000,30.400000,70.000000,HI,RAMPP,RAMPING
2026-09-04 17:13:47,84.2,306.7234,315.00,-8.2766,11.88,2.000000,2.020000,30.400000,70.000000,HI,RAMPP,RAMPING
2026-09-04 17:13:48,85.6,306.7293,315.00,-8.2707,12.12,2.000000,2.020000,30.400000,70.000000,HI,RAMPP,RAMPING
2026-09-04 17:13:50,87.0,306.7363,315.00,-8.2637,12.36,2.000000,2.020000,30.400000,70.000000,HI,RAMPP,RAMPING
2026-09-04 17:13:51,88.4,306.7436,315.00,-8.2564,12.60,2.000000,2.020000,30.400000,70.000000,HI,RAMPP,RAMPING
2026-09-04 17:13:53,89.8,306.7513,315.00,-8.2487,12.85,2.000000,2.020000,30.400000,70.000000,HI,RAMPP,RAMPING
2026-09-04 17:13:54,91.2,306.7597,315.00,-8.2403,13.09,2.000000,2.020000,30.400000,70.000000,HI,RAMPP,RAMPING
2026-09-04 17:13:55,92.6,306.7684,315.00,-8.2316,13.33,2.000000,2.020000,30.400000,70.000000,HI,RAMPP,RAMPING
2026-09-04 17:13:57,94.0,306.7773,315.00,-8.2227,13.58,2.000000,2.020000,30.400000,70.000000,HI,RAMPP,RAMPING
2026-09-04 17:13:58,95.4,306.7865,315.00,-8.2135,13.83,2.000000,2.020000,30.400000,70.000000,HI,RAMPP,RAMPING
2026-09-04 17:14:00,96.9,306.7954,315.00,-8.2046,14.09,2.000000,2.020000,30.400000,70.000000,HI,RAMPP,RAMPING
2026-09-04 17:14:01,98.3,306.8053,315.00,-8.1947,14.34,2.000000,2.020000,30.400000,70.000000,HI,RAMPP,RAMPING
2026-09-04 17:14:02,99.7,306.8151,315.00,-8.1849,14.59,2.000000,2.020000,30.400000,70.000000,HI,RAMPP,RAMPING
2026-09-04 17:14:04,101.1,306.8269,315.00,-8.1731,14.83,2.000000,2.020000,30.400000,70.000000,HI,RAMPP,RAMPING
2026-09-04 17:14:05,102.5,306.8385,315.00,-8.1615,15.07,2.000000,2.020000,30.400000,70.000000,HI,RAMPP,RAMPING
2026-09-04 17:14:07,103.9,306.8508,315.00,-8.1492,15.33,2.000000,2.020000,30.400000,70.000000,HI,RAMPP,RAMPING
2026-09-04 17:14:08,105.3,306.8636,315.00,-8.1364,15.58,2.000000,2.020000,30.400000,70.000000,HI,RAMPP,RAMPING
2026-09-04 17:14:09,106.7,306.8772,315.00,-8.1228,15.83,2.000000,2.020000,30.400000,70.000000,HI,RAMPP,RAMPING
2026-09-04 17:14:11,108.1,306.8909,315.00,-8.1091,16.07,2.000000,2.020000,30.400000,70.000000,HI,RAMPP,RAMPING
2026-09-04 17:14:12,109.5,306.9057,315.00,-8.0943,16.34,2.000000,2.020000,30.400000,70.000000,HI,RAMPP,RAMPING
2026-09-04 17:14:14,110.9,306.9204,315.00,-8.0796,16.59,2.000000,2.020000,30.400000,70.000000,HI,RAMPP,RAMPING
2026-09-04 17:14:15,112.3,306.9354,315.00,-8.0646,16.84,2.000000,2.020000,30.400000,70.000000,HI,RAMPP,RAMPING
2026-09-04 17:14:16,113.7,306.9511,315.00,-8.0489,17.11,2.000000,2.020000,30.400000,70.000000,HI,RAMPP,RAMPING
2026-09-04 17:14:18,115.1,306.9646,315.00,-8.0354,17.38,2.000000,2.020000,30.400000,70.000000,HI,RAMPP,RAMPING
2026-09-04 17:14:19,116.5,306.9791,315.00,-8.0209,17.64,2.000000,2.020000,30.400000,70.000000,HI,RAMPP,RAMPING
2026-09-04 17:14:21,117.9,306.9944,315.00,-8.0056,17.90,2.000000,2.020000,30.400000,70.000000,HI,RAMPP,RAMPING
2026-09-04 17:14:22,119.3,307.0120,315.00,-7.9880,18.11,2.000000,2.020000,30.400000,70.000000,HI,RAMPP,RAMPING
2026-09-04 17:14:23,120.7,307.0315,315.00,-7.9685,18.38,2.000000,2.020000,30.400000,70.000000,HI,RAMPP,RAMPING
2026-09-04 17:14:25,122.1,307.0497,315.00,-7.9503,18.62,2.000000,2.020000,30.400000,70.000000,HI,RAMPP,RAMPING
2026-09-04 17:14:26,123.5,307.0687,315.00,-7.9313,18.89,2.000000,2.020000,30.400000,70.000000,HI,RAMPP,RAMPING
2026-09-04 17:14:28,124.9,307.0879,315.00,-7.9121,19.16,2.000000,2.020000,30.400000,70.000000,HI,RAMPP,RAMPING
2026-09-04 17:14:29,126.3,307.1073,315.00,-7.8927,19.41,2.000000,2.020000,30.400000,70.000000,HI,RAMPP,RAMPING
2026-09-04 17:14:30,127.7,307.1257,315.00,-7.8743,19.67,2.000000,2.020000,30.400000,70.000000,HI,RAMPP,RAMPING
2026-09-04 17:14:32,129.1,307.1455,315.00,-7.8545,19.92,2.000000,2.020000,30.400000,70.000000,HI,RAMPP,RAMPING
2026-09-04 17:14:33,130.5,307.1666,315.00,-7.8334,20.18,2.000000,2.020000,30.400000,70.000000,HI,RAMPP,RAMPING
2026-09-04 17:14:35,131.9,307.1874,315.00,-7.8126,20.45,2.000000,2.020000,30.400000,70.000000,HI,RAMPP,RAMPING
2026-09-04 17:14:36,133.3,307.2099,315.00,-7.7901,20.69,2.000000,2.020000,30.400000,70.000000,HI,RAMPP,RAMPING
2026-09-04 17:14:37,134.8,307.2324,315.00,-7.7676,20.95,2.000000,2.020000,30.400000,70.000000,HI,RAMPP,RAMPING
2026-09-04 17:14:39,136.2,307.2552,315.00,-7.7448,21.21,2.000000,2.020000,30.400000,70.000000,HI,RAMPP,RAMPING
2026-09-04 17:14:40,137.6,307.2783,315.00,-7.7217,21.46,2.000000,2.020000,30.400000,70.000000,HI,RAMPP,RAMPING
2026-09-04 17:14:42,139.0,307.3022,315.00,-7.6978,21.71,2.000000,2.020000,30.400000,70.000000,HI,RAMPP,RAMPING
2026-09-04 17:14:43,140.4,307.3270,315.00,-7.6730,21.98,2.000000,2.020000,30.400000,70.000000,HI,RAMPP,RAMPING
2026-09-04 17:14:44,141.8,307.3508,315.00,-7.6492,22.23,2.000000,2.020000,30.400000,70.000000,HI,RAMPP,RAMPING
2026-09-04 17:14:46,143.2,307.3754,315.00,-7.6246,22.49,2.000000,2.020000,30.400000,70.000000,HI,RAMPP,RAMPING
2026-09-04 17:14:47,144.6,307.4016,315.00,-7.5984,22.73,2.000000,2.020000,30.400000,70.000000,HI,RAMPP,RAMPING
2026-09-04 17:14:49,146.0,307.4277,315.00,-7.5723,22.99,2.000000,2.020000,30.400000,70.000000,HI,RAMPP,RAMPING
2026-09-04 17:14:50,147.4,307.4551,315.00,-7.5449,23.24,2.000000,2.020000,30.400000,70.000000,HI,RAMPP,RAMPING
2026-09-04 17:14:52,148.8,307.4814,315.00,-7.5186,23.50,2.000000,2.020000,30.400000,70.000000,HI,RAMPP,RAMPING
2026-09-04 17:14:53,150.2,307.5096,315.00,-7.4904,23.74,2.000000,2.020000,30.400000,70.000000,HI,RAMPP,RAMPING
2026-09-04 17:14:54,151.6,307.5377,315.00,-7.4623,24.00,2.000000,2.020000,30.400000,70.000000,HI,RAMPP,RAMPING
2026-09-04 17:14:56,153.0,307.5677,315.00,-7.4323,24.25,2.000000,2.020000,30.400000,70.000000,HI,RAMPP,RAMPING
2026-09-04 17:14:57,154.4,307.5961,315.00,-7.4039,24.50,2.000000,2.020000,30.400000,70.000000,HI,RAMPP,RAMPING
2026-09-04 17:14:59,155.8,307.6248,315.00,-7.3752,24.76,2.000000,2.020000,30.400000,70.000000,HI,RAMPP,RAMPING
2026-09-04 17:15:00,157.2,307.6526,315.00,-7.3474,25.05,2.000000,2.020000,30.400000,70.000000,HI,RAMPP,RAMPING
2026-09-04 17:15:01,158.6,307.6804,315.00,-7.3196,25.29,2.000000,2.020000,30.400000,70.000000,HI,RAMPP,RAMPING
2026-09-04 17:15:03,160.0,307.7109,315.00,-7.2891,25.53,2.000000,2.020000,30.400000,70.000000,HI,RAMPP,RAMPING
2026-09-04 17:15:04,161.4,307.7411,315.00,-7.2589,25.78,2.000000,2.020000,30.400000,70.000000,HI,RAMPP,RAMPING
2026-09-04 17:15:06,162.8,307.7714,315.00,-7.2286,26.05,2.000000,2.020000,30.400000,70.000000,HI,RAMPP,RAMPING
2026-09-04 17:15:07,164.2,307.8019,315.00,-7.1981,26.31,2.000000,2.020000,30.400000,70.000000,HI,RAMPP,RAMPING
2026-09-04 17:15:08,165.6,307.8342,315.00,-7.1658,26.55,2.000000,2.020000,30.400000,70.000000,HI,RAMPP,RAMPING
2026-09-04 17:15:10,167.0,307.8660,315.00,-7.1340,26.80,2.000000,2.020000,30.400000,70.000000,HI,RAMPP,RAMPING
2026-09-04 17:15:11,168.4,307.8978,315.00,-7.1022,27.07,2.000000,2.020000,30.400000,70.000000,HI,RAMPP,RAMPING
2026-09-04 17:15:13,169.9,307.9292,315.00,-7.0708,27.32,2.000000,2.020000,30.400000,70.000000,HI,RAMPP,RAMPING
2026-09-04 17:15:14,171.3,307.9618,315.00,-7.0382,27.57,2.000000,2.020000,30.400000,70.000000,HI,RAMPP,RAMPING
2026-09-04 17:15:15,172.7,307.9963,315.00,-7.0037,27.81,2.000000,2.020000,30.400000,70.000000,HI,RAMPP,RAMPING
2026-09-04 17:15:17,174.1,308.0300,315.00,-6.9700,28.06,2.000000,2.020000,30.400000,70.000000,HI,RAMPP,RAMPING
2026-09-04 17:15:18,175.5,308.0641,315.00,-6.9359,28.32,2.000000,2.020000,30.400000,70.000000,HI,RAMPP,RAMPING
2026-09-04 17:15:20,176.9,308.0987,315.00,-6.9013,28.56,2.000000,2.020000,30.400000,70.000000,HI,RAMPP,RAMPING
2026-09-04 17:15:21,178.3,308.1331,315.00,-6.8669,28.81,2.000000,2.020000,30.400000,70.000000,HI,RAMPP,RAMPING
2026-09-04 17:15:22,179.7,308.1701,315.00,-6.8299,29.04,2.000000,2.020000,30.400000,70.000000,HI,RAMPP,RAMPING
2026-09-04 17:15:24,181.1,308.2054,315.00,-6.7946,29.30,2.000000,2.020000,30.400000,70.000000,HI,RAMPP,RAMPING
2026-09-04 17:15:25,182.5,308.2404,315.00,-6.7596,29.56,2.000000,2.020000,30.400000,70.000000,HI,RAMPP,RAMPING
2026-09-04 17:15:27,183.9,308.2762,315.00,-6.7238,29.81,2.000000,2.020000,30.400000,70.000000,HI,RAMPP,RAMPING
2026-09-04 17:15:28,185.3,308.3142,315.00,-6.6858,30.04,2.000000,2.020000,30.400000,70.000000,HI,RAMPP,RAMPING
2026-09-04 17:15:29,186.7,308.3506,315.00,-6.6494,30.29,2.000000,2.020000,30.400000,70.000000,HI,RAMPP,RAMPING
2026-09-04 17:15:31,188.1,308.3878,315.00,-6.6122,30.53,2.000000,2.020000,30.400000,70.000000,HI,RAMPP,RAMPING
2026-09-04 17:15:32,189.5,308.4249,315.00,-6.5751,30.79,2.000000,2.020000,30.400000,70.000000,HI,RAMPP,RAMPING
2026-09-04 17:15:34,190.9,308.4622,315.00,-6.5378,31.03,2.000000,2.020000,30.400000,70.000000,HI,RAMPP,RAMPING
2026-09-04 17:15:35,192.3,308.5025,315.00,-6.4975,31.26,2.000000,2.020000,30.400000,70.000000,HI,RAMPP,RAMPING
2026-09-04 17:15:36,193.7,308.5410,315.00,-6.4590,31.49,2.000000,2.020000,30.400000,70.000000,HI,RAMPP,RAMPING
2026-09-04 17:15:38,195.1,308.5809,315.00,-6.4191,31.73,2.000000,2.020000,30.400000,70.000000,HI,RAMPP,RAMPING
2026-09-04 17:15:39,196.5,308.6211,315.00,-6.3789,31.96,2.000000,2.020000,30.400000,70.000000,HI,RAMPP,RAMPING
2026-09-04 17:15:41,197.9,308.6644,315.00,-6.3356,32.19,2.000000,2.020000,30.400000,70.000000,HI,RAMPP,RAMPING
2026-09-04 17:15:42,199.3,308.7055,315.00,-6.2945,32.43,2.000000,2.020000,30.400000,70.000000,HI,RAMPP,RAMPING
2026-09-04 17:15:43,200.7,308.7465,315.00,-6.2535,32.67,2.000000,2.020000,30.400000,70.000000,HI,RAMPP,RAMPING
2026-09-04 17:15:45,202.1,308.7873,315.00,-6.2127,32.90,2.000000,2.020000,30.400000,70.000000,HI,RAMPP,RAMPING
2026-09-04 17:15:46,203.5,308.8289,315.00,-6.1711,33.14,2.000000,2.020000,30.400000,70.000000,HI,RAMPP,RAMPING
2026-09-04 17:15:48,204.9,308.8725,315.00,-6.1275,33.36,2.000000,2.020000,30.400000,70.000000,HI,RAMPP,RAMPING
2026-09-04 17:15:49,206.4,308.9146,315.00,-6.0854,33.59,2.000000,2.020000,30.400000,70.000000,HI,RAMPP,RAMPING
2026-09-04 17:15:50,207.8,308.9574,315.00,-6.0426,33.82,2.000000,2.020000,30.400000,70.000000,HI,RAMPP,RAMPING
2026-09-04 17:15:52,209.2,309.0010,315.00,-5.9990,34.04,2.000000,2.020000,30.400000,70.000000,HI,RAMPP,RAMPING
2026-09-04 17:15:53,210.6,309.0446,315.00,-5.9554,34.26,2.000000,2.020000,30.400000,70.000000,HI,RAMPP,RAMPING
2026-09-04 17:15:55,212.0,309.0912,315.00,-5.9088,34.49,2.000000,2.020000,30.400000,70.000000,HI,RAMPP,RAMPING
2026-09-04 17:15:56,213.4,309.1354,315.00,-5.8646,34.72,2.000000,2.020000,30.400000,70.000000,HI,RAMPP,RAMPING
2026-09-04 17:15:57,214.8,309.1801,315.00,-5.8199,34.93,2.000000,2.020000,30.400000,70.000000,HI,RAMPP,RAMPING
2026-09-04 17:15:59,216.2,309.2251,315.00,-5.7749,35.16,2.000000,2.020000,30.400000,70.000000,HI,RAMPP,RAMPING
2026-09-04 17:16:00,217.6,309.2702,315.00,-5.7298,35.38,2.000000,2.020000,30.400000,70.000000,HI,RAMPP,RAMPING
2026-09-04 17:16:02,219.0,309.3189,315.00,-5.6811,35.58,2.000000,2.020000,30.400000,70.000000,HI,RAMPP,RAMPING
2026-09-04 17:16:03,220.4,309.3652,315.00,-5.6348,35.80,2.000000,2.020000,30.400000,70.000000,HI,RAMPP,RAMPING
2026-09-04 17:16:05,221.8,309.4126,315.00,-5.5874,36.02,2.000000,2.020000,30.400000,70.000000,HI,RAMPP,RAMPING
2026-09-04 17:16:06,223.2,309.4597,315.00,-5.5403,36.21,2.000000,2.020000,30.400000,70.000000,HI,RAMPP,RAMPING
2026-09-04 17:16:07,224.6,309.5108,315.00,-5.4892,36.44,2.000000,2.020000,30.400000,70.000000,HI,RAMPP,RAMPING
2026-09-04 17:16:09,226.0,309.5582,315.00,-5.4418,36.64,2.000000,2.020000,30.400000,70.000000,HI,RAMPP,RAMPING
2026-09-04 17:16:10,227.4,309.6065,315.00,-5.3935,36.84,2.000000,2.020000,30.400000,70.000000,HI,RAMPP,RAMPING
2026-09-04 17:16:12,228.8,309.6557,315.00,-5.3443,37.05,2.000000,2.020000,30.400000,70.000000,HI,RAMPP,RAMPING
2026-09-04 17:16:13,230.2,309.7047,315.00,-5.2953,37.25,2.000000,2.020000,30.400000,70.000000,HI,RAMPP,RAMPING
2026-09-04 17:16:14,231.6,309.7569,315.00,-5.2431,37.45,2.000000,2.020000,30.400000,70.000000,HI,RAMPP,RAMPING
2026-09-04 17:16:16,233.0,309.8066,315.00,-5.1934,37.64,2.000000,2.020000,30.400000,70.000000,HI,RAMPP,RAMPING
2026-09-04 17:16:17,234.4,309.8563,315.00,-5.1437,37.87,2.000000,2.020000,30.400000,70.000000,HI,RAMPP,RAMPING
2026-09-04 17:16:19,235.8,309.9062,315.00,-5.0938,38.05,2.000000,2.020000,30.400000,70.000000,HI,RAMPP,RAMPING
2026-09-04 17:16:20,237.2,309.9566,315.00,-5.0434,38.25,2.000000,2.020000,30.400000,70.000000,HI,RAMPP,RAMPING
2026-09-04 17:16:21,238.6,310.0098,315.00,-4.9902,38.45,2.000000,2.020000,30.400000,70.000000,HI,RAMPP,RAMPING
2026-09-04 17:16:23,240.0,310.0609,315.00,-4.9391,38.63,2.000000,2.020000,30.400000,70.000000,HI,RAMPP,RAMPING
2026-09-04 17:16:24,241.4,310.1127,315.00,-4.8873,38.83,2.000000,2.020000,30.400000,70.000000,HI,RAMPP,RAMPING
2026-09-04 17:16:26,242.8,310.1640,315.00,-4.8360,39.03,2.000000,2.020000,30.400000,70.000000,HI,RAMPP,RAMPING
2026-09-04 17:16:27,244.2,310.2152,315.00,-4.7848,39.22,2.000000,2.020000,30.400000,70.000000,HI,RAMPP,RAMPING
2026-09-04 17:16:28,245.6,310.2702,315.00,-4.7298,39.41,2.000000,2.020000,30.400000,70.000000,HI,RAMPP,RAMPING
2026-09-04 17:16:30,247.1,310.3220,315.00,-4.6780,39.61,2.000000,2.020000,30.400000,70.000000,HI,RAMPP,RAMPING
2026-09-04 17:16:31,248.5,310.3741,315.00,-4.6259,39.79,2.000000,2.020000,30.400000,70.000000,HI,RAMPP,RAMPING
2026-09-04 17:16:33,249.9,310.4262,315.00,-4.5738,39.97,2.000000,2.020000,30.400000,70.000000,HI,RAMPP,RAMPING
2026-09-04 17:16:34,251.3,310.4821,315.00,-4.5179,40.15,2.000000,2.020000,30.400000,70.000000,HI,RAMPP,RAMPING
2026-09-04 17:16:35,252.7,310.5356,315.00,-4.4644,40.34,2.000000,2.020000,30.400000,70.000000,HI,RAMPP,RAMPING
2026-09-04 17:16:37,254.1,310.5881,315.00,-4.4119,40.54,2.000000,2.020000,30.400000,70.000000,HI,RAMPP,RAMPING
2026-09-04 17:16:38,255.5,310.6414,315.00,-4.3586,40.70,2.000000,2.020000,30.400000,70.000000,HI,RAMPP,RAMPING
2026-09-04 17:16:40,256.9,310.6984,315.00,-4.3016,40.88,2.000000,2.020000,30.400000,70.000000,HI,RAMPP,RAMPING
2026-09-04 17:16:41,258.3,310.7534,315.00,-4.2466,41.04,2.000000,2.020000,30.400000,70.000000,HI,RAMPP,RAMPING
2026-09-04 17:16:42,259.7,310.8080,315.00,-4.1920,41.24,2.000000,2.020000,30.400000,70.000000,HI,RAMPP,RAMPING
2026-09-04 17:16:44,261.1,310.8625,315.00,-4.1375,41.40,2.000000,2.020000,30.400000,70.000000,HI,RAMPP,RAMPING
2026-09-04 17:16:45,262.5,310.9168,315.00,-4.0832,41.57,2.000000,2.020000,30.400000,70.000000,HI,RAMPP,RAMPING
2026-09-04 17:16:47,263.9,310.9754,315.00,-4.0246,41.74,2.000000,2.020000,30.400000,70.000000,HI,RAMPP,RAMPING
2026-09-04 17:16:48,265.3,311.0311,315.00,-3.9689,41.89,2.000000,2.020000,30.400000,70.000000,HI,RAMPP,RAMPING
2026-09-04 17:16:49,266.7,311.0870,315.00,-3.9130,42.08,2.000000,2.020000,30.400000,70.000000,HI,RAMPP,RAMPING
2026-09-04 17:16:51,268.1,311.1423,315.00,-3.8577,42.24,2.000000,2.020000,30.400000,70.000000,HI,RAMPP,RAMPING
2026-09-04 17:16:52,269.5,311.1980,315.00,-3.8020,42.41,2.000000,2.020000,30.400000,70.000000,HI,RAMPP,RAMPING
2026-09-04 17:16:54,270.9,311.2564,315.00,-3.7436,42.58,2.000000,2.020000,30.400000,70.000000,HI,RAMPP,RAMPING
2026-09-04 17:16:55,272.3,311.3114,315.00,-3.6886,42.74,2.000000,2.020000,30.400000,70.000000,HI,RAMPP,RAMPING
2026-09-04 17:16:56,273.7,311.3671,315.00,-3.6329,42.91,2.000000,2.020000,30.400000,70.000000,HI,RAMPP,RAMPING
2026-09-04 17:16:58,275.1,311.4229,315.00,-3.5771,43.07,2.000000,2.020000,30.400000,70.000000,HI,RAMPP,RAMPING
2026-09-04 17:16:59,276.5,311.4789,315.00,-3.5211,43.23,2.000000,2.020000,30.400000,70.000000,HI,RAMPP,RAMPING
2026-09-04 17:17:01,277.9,311.5386,315.00,-3.4614,43.38,2.000000,2.020000,30.400000,70.000000,HI,RAMPP,RAMPING
2026-09-04 17:17:02,279.3,311.5956,315.00,-3.4044,43.53,2.000000,2.020000,30.400000,70.000000,HI,RAMPP,RAMPING
2026-09-04 17:17:03,280.7,311.6533,315.00,-3.3467,43.67,2.000000,2.020000,30.400000,70.000000,HI,RAMPP,RAMPING
2026-09-04 17:17:05,282.1,311.7112,315.00,-3.2888,43.83,2.000000,2.020000,30.400000,70.000000,HI,RAMPP,RAMPING
2026-09-04 17:17:06,283.5,311.7719,315.00,-3.2281,43.98,2.000000,2.020000,30.400000,70.000000,HI,RAMPP,RAMPING
2026-09-04 17:17:08,285.0,311.8293,315.00,-3.1707,44.12,2.000000,2.020000,30.400000,70.000000,HI,RAMPP,RAMPING
2026-09-04 17:17:09,286.4,311.8877,315.00,-3.1123,44.27,2.000000,2.020000,30.400000,70.000000,HI,RAMPP,RAMPING
2026-09-04 17:17:10,287.8,311.9459,315.00,-3.0541,44.42,2.000000,2.020000,30.400000,70.000000,HI,RAMPP,RAMPING
2026-09-04 17:17:12,289.2,312.0037,315.00,-2.9963,44.56,2.000000,2.020000,30.400000,70.000000,HI,RAMPP,RAMPING
2026-09-04 17:17:13,290.6,312.0653,315.00,-2.9347,44.69,2.000000,2.020000,30.400000,70.000000,HI,RAMPP,RAMPING
2026-09-04 17:17:15,292.0,312.1241,315.00,-2.8759,44.82,2.000000,2.020000,30.400000,70.000000,HI,RAMPP,RAMPING
2026-09-04 17:17:16,293.4,312.1836,315.00,-2.8164,44.91,2.000000,2.020000,30.400000,70.000000,HI,RAMPP,RAMPING
2026-09-04 17:17:17,294.8,312.2428,315.00,-2.7572,44.96,2.000000,2.020000,30.400000,70.000000,HI,RAMPP,RAMPING
2026-09-04 17:17:19,296.2,312.3024,315.00,-2.6976,44.99,2.000000,2.020000,30.400000,70.000000,HI,RAMPP,RAMPING
2026-09-04 17:17:20,297.6,312.3673,315.00,-2.6327,45.01,2.000000,2.020000,30.400000,70.000000,HI,RAMPP,RAMPING
2026-09-04 17:17:22,299.0,312.4281,315.00,-2.5719,45.05,2.000000,2.020000,30.400000,70.000000,HI,RAMPP,RAMPING
2026-09-04 17:17:23,300.4,312.4892,315.00,-2.5108,45.08,2.000000,2.020000,30.400000,70.000000,HI,RAMPP,RAMPING
2026-09-04 17:17:25,301.8,312.5502,315.00,-2.4498,45.11,2.000000,2.020000,30.400000,70.000000,HI,RAMPP,RAMPING
2026-09-04 17:17:26,303.2,312.6106,315.00,-2.3894,45.13,2.000000,2.020000,30.400000,70.000000,HI,RAMPP,RAMPING
2026-09-04 17:17:27,304.6,312.6748,315.00,-2.3252,45.14,2.000000,2.020000,30.400000,70.000000,HI,RAMPP,RAMPING
2026-09-04 17:17:29,306.0,312.7357,315.00,-2.2643,45.15,2.000000,2.020000,30.400000,70.000000,HI,RAMPP,RAMPING
2026-09-04 17:17:30,307.4,312.7962,315.00,-2.2038,45.16,2.000000,2.020000,30.400000,70.000000,HI,RAMPP,RAMPING
2026-09-04 17:17:32,308.8,312.8568,315.00,-2.1432,45.17,2.000000,2.020000,30.400000,70.000000,HI,RAMPP,RAMPING
2026-09-04 17:17:33,310.2,312.9200,315.00,-2.0800,45.20,2.000000,2.020000,30.400000,70.000000,HI,RAMPP,RAMPING
2026-09-04 17:17:34,311.6,312.9783,315.00,-2.0217,45.20,2.000000,2.020000,30.400000,70.000000,HI,RAMPP,RAMPING
2026-09-04 17:17:36,313.0,313.0376,315.00,-1.9624,45.18,2.000000,2.020000,30.400000,70.000000,HI,RAMPP,RAMPING
2026-09-04 17:17:37,314.4,313.0974,315.00,-1.9026,45.18,2.000000,2.020000,30.400000,70.000000,HI,RAMPP,RAMPING
2026-09-04 17:17:39,315.8,313.1573,315.00,-1.8427,45.15,2.000000,2.020000,30.400000,70.000000,HI,RAMPP,RAMPING
2026-09-04 17:17:40,317.2,313.2207,315.00,-1.7793,45.14,2.000000,2.020000,30.400000,70.000000,HI,RAMPP,RAMPING
2026-09-04 17:17:41,318.6,313.2803,315.00,-1.7197,45.12,2.000000,2.020000,30.400000,70.000000,HI,RAMPP,RAMPING
2026-09-04 17:17:43,320.0,313.3399,315.00,-1.6601,45.09,2.000000,2.020000,30.400000,70.000000,HI,RAMPP,RAMPING
2026-09-04 17:17:44,321.4,313.3991,315.00,-1.6009,45.06,2.000000,2.020000,30.400000,70.000000,HI,RAMPP,RAMPING
2026-09-04 17:17:46,322.8,313.4626,315.00,-1.5374,45.02,2.000000,2.020000,30.400000,70.000000,HI,RAMPP,RAMPING
2026-09-04 17:17:47,324.2,313.5225,315.00,-1.4775,44.98,2.000000,2.020000,30.400000,70.000000,HI,RAMPP,RAMPING
2026-09-04 17:17:48,325.7,313.5823,315.00,-1.4177,44.95,2.000000,2.020000,30.400000,70.000000,HI,RAMPP,RAMPING
2026-09-04 17:17:50,327.1,313.6412,315.00,-1.3588,44.90,2.000000,2.020000,30.400000,70.000000,HI,RAMPP,RAMPING
2026-09-04 17:17:51,328.5,313.7010,315.00,-1.2990,44.83,2.000000,2.020000,30.400000,70.000000,HI,RAMPP,RAMPING
2026-09-04 17:17:53,329.9,313.7611,315.00,-1.2389,44.78,2.000000,2.020000,30.400000,70.000000,HI,RAMPP,RAMPING
2026-09-04 17:17:54,331.3,313.8242,315.00,-1.1758,44.72,2.000000,2.020000,30.400000,70.000000,HI,RAMPP,RAMPING
2026-09-04 17:17:55,332.7,313.8834,315.00,-1.1166,44.66,2.000000,2.020000,30.400000,70.000000,HI,RAMPP,RAMPING
2026-09-04 17:17:57,334.1,313.9429,315.00,-1.0571,44.58,2.000000,2.020000,30.400000,70.000000,HI,RAMPP,RAMPING
2026-09-04 17:17:58,335.5,314.0025,315.00,-0.9975,44.51,2.000000,2.020000,30.400000,70.000000,HI,RAMPP,RAMPING
2026-09-04 17:18:00,336.9,314.0663,315.00,-0.9337,44.42,2.000000,2.020000,30.400000,70.000000,HI,RAMPP,RAMPING
2026-09-04 17:18:01,338.3,314.1266,315.00,-0.8734,44.34,2.000000,2.020000,30.400000,70.000000,HI,RAMPP,RAMPING
2026-09-04 17:18:02,339.7,314.1862,315.00,-0.8138,44.26,2.000000,2.020000,30.400000,70.000000,HI,RAMPP,RAMPING
2026-09-04 17:18:04,341.1,314.2451,315.00,-0.7549,44.18,2.000000,2.020000,30.400000,70.000000,HI,RAMPP,RAMPING
2026-09-04 17:18:05,342.5,314.3036,315.00,-0.6964,44.08,2.000000,2.020000,30.400000,70.000000,HI,RAMPP,RAMPING
2026-09-04 17:18:07,343.9,314.3661,315.00,-0.6339,43.99,2.000000,2.020000,30.400000,70.000000,HI,RAMPP,RAMPING
2026-09-04 17:18:08,345.3,314.4243,315.00,-0.5757,43.89,2.000000,2.020000,30.400000,70.000000,HI,RAMPP,RAMPING
2026-09-04 17:18:09,346.7,314.4823,315.00,-0.5177,43.79,2.000000,2.020000,30.400000,70.000000,HI,RAMPP,RAMPING
2026-09-04 17:18:11,348.1,314.5396,315.00,-0.4604,43.69,2.000000,2.020000,30.400000,70.000000,HI,RAMPP,RAMPING
2026-09-04 17:18:12,349.5,314.5980,315.00,-0.4020,43.56,2.000000,2.020000,30.400000,70.000000,HI,RAMPP,RAMPING
2026-09-04 17:18:14,350.9,314.6646,315.00,-0.3354,43.37,2.000000,2.020000,30.400000,70.000000,HI,RAMPP,RAMPING
2026-09-04 17:18:15,352.3,314.7264,315.00,-0.2736,43.30,2.000000,2.020000,30.400000,70.000000,HI,RAMPP,RAMPING
2026-09-04 17:18:16,353.7,314.7832,315.00,-0.2168,43.19,2.000000,2.020000,30.400000,70.000000,HI,RAMPP,RAMPING
2026-09-04 17:18:18,355.1,314.8393,315.00,-0.1607,43.08,2.000000,2.020000,30.400000,70.000000,HI,RAMPP,SETTLED
2026-09-04 17:18:19,356.5,314.8988,315.00,-0.1012,42.95,2.000000,2.020000,30.400000,70.000000,HI,RAMPP,SETTLED
2026-09-04 17:18:21,357.9,314.9554,315.00,-0.0446,42.81,2.000000,2.020000,30.400000,70.000000,HI,RAMPP,SETTLED
2026-09-04 17:18:22,359.3,315.0117,315.00,+0.0117,42.68,2.000000,2.020000,30.400000,70.000000,HI,RAMPP,SETTLED
2026-09-04 17:18:23,360.7,315.0683,315.00,+0.0683,42.52,2.000000,2.020000,30.400000,70.000000,HI,RAMPP,SETTLED
2026-09-04 17:18:25,362.1,315.1263,315.00,+0.1263,42.37,2.000000,2.020000,30.400000,70.000000,HI,RAMPP,SETTLED
2026-09-04 17:18:26,363.6,315.1868,315.00,+0.1868,42.22,2.000000,2.020000,30.400000,70.000000,HI,RAMPP,SETTLED
2026-09-04 17:18:28,365.0,315.2436,315.00,+0.2436,42.09,2.000000,2.020000,30.400000,70.000000,HI,RAMPP,SETTLED
2026-09-04 17:18:29,366.4,315.2996,315.00,+0.2996,41.92,2.000000,2.020000,30.400000,70.000000,HI,RAMPP,SETTLED
2026-09-04 17:18:30,367.8,315.3557,315.00,+0.3557,41.76,2.000000,2.020000,30.400000,70.000000,HI,RAMPP,SETTLED
2026-09-04 17:18:32,369.2,315.4148,315.00,+0.4148,41.60,2.000000,2.020000,30.400000,70.000000,HI,RAMPP,SETTLED
2026-09-04 17:18:33,370.6,315.4709,315.00,+0.4709,41.45,2.000000,2.020000,30.400000,70.000000,HI,RAMPP,SETTLED
2026-09-04 17:18:35,372.0,315.5259,315.00,+0.5259,41.27,2.000000,2.020000,30.400000,70.000000,HI,RAMPP,SETTLED
2026-09-04 17:18:36,373.4,315.5799,315.00,+0.5799,41.11,2.000000,2.020000,30.400000,70.000000,HI,RAMPP,SETTLED
2026-09-04 17:18:38,374.8,315.6342,315.00,+0.6342,40.93,2.000000,2.020000,30.400000,70.000000,HI,RAMPP,SETTLED
2026-09-04 17:18:39,376.2,315.6918,315.00,+0.6918,40.76,2.000000,2.020000,30.400000,70.000000,HI,RAMPP,SETTLED
2026-09-04 17:18:40,377.6,315.7456,315.00,+0.7456,40.58,2.000000,2.020000,30.400000,70.000000,HI,RAMPP,SETTLED
2026-09-04 17:18:42,379.0,315.7993,315.00,+0.7993,40.41,2.000000,2.020000,30.400000,70.000000,HI,RAMPP,SETTLED
2026-09-04 17:18:43,380.4,315.8512,315.00,+0.8512,40.24,2.000000,2.020000,30.400000,70.000000,HI,RAMPP,SETTLED
2026-09-04 17:18:45,381.8,315.9059,315.00,+0.9059,40.05,2.000000,2.020000,30.400000,70.000000,HI,RAMPP,SETTLED
2026-09-04 17:18:46,383.2,315.9572,315.00,+0.9572,39.87,2.000000,2.020000,30.400000,70.000000,HI,RAMPP,SETTLED
2026-09-04 17:18:47,384.6,316.0094,315.00,+1.0094,39.66,2.000000,2.020000,30.400000,70.000000,HI,RAMPP,SETTLED
2026-09-04 17:18:49,386.0,316.0616,315.00,+1.0616,39.46,2.000000,2.020000,30.400000,70.000000,HI,RAMPP,SETTLED
2026-09-04 17:18:50,387.4,316.1131,315.00,+1.1131,39.27,2.000000,2.020000,30.400000,70.000000,HI,RAMPP,SETTLED
2026-09-04 17:18:52,388.8,316.1678,315.00,+1.1678,39.07,2.000000,2.020000,30.400000,70.000000,HI,RAMPP,SETTLED
2026-09-04 17:18:53,390.2,316.2191,315.00,+1.2191,38.87,2.000000,2.020000,30.400000,70.000000,HI,RAMPP,SETTLED
2026-09-04 17:18:54,391.6,316.2681,315.00,+1.2681,38.69,2.000000,2.020000,30.400000,70.000000,HI,RAMPP,SETTLED
2026-09-04 17:18:56,393.0,316.3165,315.00,+1.3165,38.48,2.000000,2.020000,30.400000,70.000000,HI,RAMPP,SETTLED
2026-09-04 17:18:57,394.4,316.3652,315.00,+1.3652,38.28,2.000000,2.020000,30.400000,70.000000,HI,RAMPP,SETTLED
2026-09-04 17:18:59,395.8,316.4162,315.00,+1.4162,38.07,2.000000,2.020000,30.400000,70.000000,HI,RAMPP,SETTLED
2026-09-04 17:19:00,397.2,316.4648,315.00,+1.4648,37.85,2.000000,2.020000,30.400000,70.000000,HI,RAMPP,SETTLED
2026-09-04 17:19:01,398.6,316.5132,315.00,+1.5132,37.63,2.000000,2.020000,30.400000,70.000000,HI,RAMPP,SETTLED
2026-09-04 17:19:03,400.1,316.5612,315.00,+1.5612,37.40,2.000000,2.020000,30.400000,70.000000,HI,RAMPP,SETTLED
2026-09-04 17:19:04,401.5,316.6123,315.00,+1.6123,37.19,2.000000,2.020000,30.400000,70.000000,HI,RAMPP,SETTLED
2026-09-04 17:19:06,402.9,316.6609,315.00,+1.6609,36.94,2.000000,2.020000,30.400000,70.000000,HI,RAMPP,SETTLED
2026-09-04 17:19:07,404.3,316.7099,315.00,+1.7099,36.70,2.000000,2.020000,30.400000,70.000000,HI,RAMPP,SETTLED
2026-09-04 17:19:08,405.7,316.7580,315.00,+1.7580,36.46,2.000000,2.020000,30.400000,70.000000,HI,RAMPP,SETTLED
2026-09-04 17:19:10,407.1,316.8056,315.00,+1.8056,36.25,2.000000,2.020000,30.400000,70.000000,HI,RAMPP,SETTLED
2026-09-04 17:19:11,408.5,316.8537,315.00,+1.8537,36.03,2.000000,2.020000,30.400000,70.000000,HI,RAMPP,SETTLED
2026-09-04 17:19:13,409.9,316.8989,315.00,+1.8989,35.79,2.000000,2.020000,30.400000,70.000000,HI,RAMPP,SETTLED
2026-09-04 17:19:14,411.3,316.9441,315.00,+1.9441,35.55,2.000000,2.020000,30.400000,70.000000,HI,RAMPP,SETTLED
2026-09-04 17:19:15,412.7,316.9887,315.00,+1.9887,35.31,2.000000,2.020000,30.400000,70.000000,HI,RAMPP,SETTLED
2026-09-04 17:19:17,414.1,317.0334,315.00,+2.0334,35.07,2.000000,2.020000,30.400000,70.000000,HI,RAMPP,SETTLED
2026-09-04 17:19:18,415.5,317.0803,315.00,+2.0803,34.83,2.000000,2.020000,30.400000,70.000000,HI,RAMPP,SETTLED
2026-09-04 17:19:20,416.9,317.1241,315.00,+2.1241,34.56,2.000000,2.020000,30.400000,70.000000,HI,RAMPP,SETTLED
2026-09-04 17:19:21,418.3,317.1678,315.00,+2.1678,34.32,2.000000,2.020000,30.400000,70.000000,HI,RAMPP,SETTLED
2026-09-04 17:19:22,419.7,317.2104,315.00,+2.2104,34.08,2.000000,2.020000,30.400000,70.000000,HI,RAMPP,SETTLED
2026-09-04 17:19:24,421.1,317.2531,315.00,+2.2531,33.83,2.000000,2.020000,30.400000,70.000000,HI,RAMPP,SETTLED
2026-09-04 17:19:25,422.5,317.2977,315.00,+2.2977,33.57,2.000000,2.020000,30.400000,70.000000,HI,RAMPP,SETTLED
2026-09-04 17:19:27,423.9,317.3400,315.00,+2.3400,33.31,2.000000,2.020000,30.400000,70.000000,HI,RAMPP,SETTLED
2026-09-04 17:19:28,425.3,317.3821,315.00,+2.3821,33.04,2.000000,2.020000,30.400000,70.000000,HI,RAMPP,SETTLED
2026-09-04 17:19:29,426.7,317.4236,315.00,+2.4236,32.78,2.000000,2.020000,30.400000,70.000000,HI,RAMPP,SETTLED
2026-09-04 17:19:31,428.1,317.4674,315.00,+2.4674,32.52,2.000000,2.020000,30.400000,70.000000,HI,RAMPP,SETTLED
2026-09-04 17:19:32,429.5,317.5076,315.00,+2.5076,32.28,2.000000,2.020000,30.400000,70.000000,HI,RAMPP,SETTLED
2026-09-04 17:19:34,430.9,317.5475,315.00,+2.5475,32.00,2.000000,2.020000,30.400000,70.000000,HI,RAMPP,SETTLED
2026-09-04 17:19:35,432.3,317.5876,315.00,+2.5876,31.71,2.000000,2.020000,30.400000,70.000000,HI,RAMPP,SETTLED
2026-09-04 17:19:36,433.7,317.6277,315.00,+2.6277,31.44,2.000000,2.020000,30.400000,70.000000,HI,RAMPP,SETTLED
2026-09-04 17:19:38,435.1,317.6699,315.00,+2.6699,31.16,2.000000,2.020000,30.400000,70.000000,HI,RAMPP,SETTLED
2026-09-04 17:19:39,436.5,317.7086,315.00,+2.7086,30.90,2.000000,2.020000,30.400000,70.000000,HI,RAMPP,SETTLED
2026-09-04 17:19:41,437.9,317.7467,315.00,+2.7467,30.61,2.000000,2.020000,30.400000,70.000000,HI,RAMPP,SETTLED
2026-09-04 17:19:42,439.3,317.7846,315.00,+2.7846,30.33,2.000000,2.020000,30.400000,70.000000,HI,RAMPP,SETTLED
2026-09-04 17:19:43,440.8,317.8223,315.00,+2.8223,30.06,2.000000,2.020000,30.400000,70.000000,HI,RAMPP,SETTLED
2026-09-04 17:19:45,442.2,317.8611,315.00,+2.8611,29.79,2.000000,2.020000,30.400000,70.000000,HI,RAMPP,SETTLED
2026-09-04 17:19:46,443.6,317.8973,315.00,+2.8973,29.52,2.000000,2.020000,30.400000,70.000000,HI,RAMPP,SETTLED
2026-09-04 17:19:48,445.0,317.9329,315.00,+2.9329,29.21,2.000000,2.020000,30.400000,70.000000,HI,RAMPP,SETTLED
2026-09-04 17:19:49,446.4,317.9688,315.00,+2.9688,28.93,2.000000,2.020000,30.400000,70.000000,HI,RAMPP,SETTLED
2026-09-04 17:19:50,447.8,318.0039,315.00,+3.0039,28.65,2.000000,2.020000,30.400000,70.000000,HI,RAMPP,SETTLED
2026-09-04 17:19:52,449.2,318.0412,315.00,+3.0412,28.35,2.000000,2.020000,30.400000,70.000000,HI,RAMPP,SETTLED
2026-09-04 17:19:53,450.6,318.0766,315.00,+3.0766,28.05,2.000000,2.020000,30.400000,70.000000,HI,RAMPP,SETTLED
2026-09-04 17:19:55,452.0,318.1109,315.00,+3.1109,27.77,2.000000,2.020000,30.400000,70.000000,HI,RAMPP,SETTLED
2026-09-04 17:19:56,453.4,318.1442,315.00,+3.1442,27.48,2.000000,2.020000,30.400000,70.000000,HI,RAMPP,SETTLED
2026-09-04 17:19:58,454.8,318.1792,315.00,+3.1792,27.20,2.000000,2.020000,30.400000,70.000000,HI,RAMPP,SETTLED
2026-09-04 17:19:59,456.2,318.2119,315.00,+3.2119,26.89,2.000000,2.020000,30.400000,70.000000,HI,RAMPP,SETTLED
2026-09-04 17:20:00,457.6,318.2444,315.00,+3.2444,26.60,2.000000,2.020000,30.400000,70.000000,HI,RAMPP,SETTLED
2026-09-04 17:20:02,459.0,318.2763,315.00,+3.2763,26.28,2.000000,2.020000,30.400000,70.000000,HI,RAMPP,SETTLED
2026-09-04 17:20:03,460.4,318.3085,315.00,+3.3085,25.99,2.000000,2.020000,30.400000,70.000000,HI,RAMPP,SETTLED
2026-09-04 17:20:05,461.8,318.3413,315.00,+3.3413,25.71,2.000000,2.020000,30.400000,70.000000,HI,RAMPP,SETTLED
2026-09-04 17:20:06,463.2,318.3720,315.00,+3.3720,25.39,2.000000,2.020000,30.400000,70.000000,HI,RAMPP,SETTLED
2026-09-04 17:20:07,464.6,318.4028,315.00,+3.4028,25.07,2.000000,2.020000,30.400000,70.000000,HI,RAMPP,SETTLED
2026-09-04 17:20:09,466.0,318.4335,315.00,+3.4335,24.77,2.000000,2.020000,30.400000,70.000000,HI,RAMPP,SETTLED
2026-09-04 17:20:10,467.4,318.4637,315.00,+3.4637,24.46,2.000000,2.020000,30.400000,70.000000,HI,RAMPP,SETTLED
2026-09-04 17:20:12,468.8,318.4953,315.00,+3.4953,24.16,2.000000,2.020000,30.400000,70.000000,HI,RAMPP,SETTLED
2026-09-04 17:20:13,470.2,318.5249,315.00,+3.5249,23.85,2.000000,2.020000,30.400000,70.000000,HI,RAMPP,SETTLED
2026-09-04 17:20:14,471.6,318.5537,315.00,+3.5537,23.53,2.000000,2.020000,30.400000,70.000000,HI,RAMPP,SETTLED
2026-09-04 17:20:16,473.0,318.5825,315.00,+3.5825,23.22,2.000000,2.020000,30.400000,70.000000,HI,RAMPP,SETTLED
2026-09-04 17:20:17,474.4,318.6127,315.00,+3.6127,22.91,2.000000,2.020000,30.400000,70.000000,HI,RAMPP,SETTLED
2026-09-04 17:20:19,475.8,318.6406,315.00,+3.6406,22.60,2.000000,2.020000,30.400000,70.000000,HI,RAMPP,SETTLED
2026-09-04 17:20:20,477.2,318.6680,315.00,+3.6680,22.28,2.000000,2.020000,30.400000,70.000000,HI,RAMPP,SETTLED
2026-09-04 17:20:21,478.6,318.6953,315.00,+3.6953,21.95,2.000000,2.020000,30.400000,70.000000,HI,RAMPP,SETTLED
