Timestamp,Elapsed_Sec,Temp_A_K,Setpoint_K,Error_K,Heater_Pct,Ramp_Rate_K_min,P_Gain,I_Gain,D_Gain,Range,MaxPwr_Pct,Stage
2026-09-04 17:51:31,0.0,330.8092,340.00,-9.1908,19.01,1.00,2.0,18.0,55.0,HI,30.0,RAMPING
2026-09-04 17:51:33,1.4,330.8039,340.00,-9.1961,20.28,1.00,2.0,18.0,55.0,HI,30.0,RAMPING
2026-09-04 17:51:34,2.8,330.7986,340.00,-9.2014,21.48,1.00,2.0,18.0,55.0,HI,30.0,RAMPING
2026-09-04 17:51:36,4.2,330.7937,340.00,-9.2063,22.70,1.00,2.0,18.0,55.0,HI,30.0,RAMPING
2026-09-04 17:51:37,5.6,330.7888,340.00,-9.2112,23.90,1.00,2.0,18.0,55.0,HI,30.0,RAMPING
2026-09-04 17:51:38,7.0,330.7852,340.00,-9.2148,25.18,1.00,2.0,18.0,55.0,HI,30.0,RAMPING
2026-09-04 17:51:40,8.4,330.7814,340.00,-9.2186,26.40,1.00,2.0,18.0,55.0,HI,30.0,RAMPING
2026-09-04 17:51:41,9.8,330.7780,340.00,-9.2220,27.60,1.00,2.0,18.0,55.0,HI,30.0,RAMPING
2026-09-04 17:51:43,11.2,330.7759,340.00,-9.2241,28.79,1.00,2.0,18.0,55.0,HI,30.0,RAMPING
2026-09-04 17:51:44,12.6,330.7743,340.00,-9.2257,29.99,1.00,2.0,18.0,55.0,HI,30.0,RAMPING
2026-09-04 17:51:46,14.0,330.7742,340.00,-9.2258,30.00,1.00,2.0,18.0,55.0,HI,30.0,RAMPING
2026-09-04 17:51:47,15.5,330.7758,340.00,-9.2242,30.00,1.00,2.0,18.0,55.0,HI,30.0,RAMPING
2026-09-04 17:51:48,16.9,330.7792,340.00,-9.2208,30.00,1.00,2.0,18.0,55.0,HI,30.0,RAMPING
2026-09-04 17:51:50,18.3,330.7842,340.00,-9.2158,30.00,1.00,2.0,18.0,55.0,HI,30.0,RAMPING
2026-09-04 17:51:51,19.7,330.7914,340.00,-9.2086,30.00,1.00,2.0,18.0,55.0,HI,30.0,RAMPING
2026-09-04 17:51:53,21.1,330.8005,340.00,-9.1995,30.00,1.00,2.0,18.0,55.0,HI,30.0,RAMPING
2026-09-04 17:51:54,22.5,330.8116,340.00,-9.1884,30.00,1.00,2.0,18.0,55.0,HI,30.0,RAMPING
2026-09-04 17:51:55,23.9,330.8257,340.00,-9.1743,30.00,1.00,2.0,18.0,55.0,HI,30.0,RAMPING
2026-09-04 17:51:57,25.3,330.8414,340.00,-9.1586,30.00,1.00,2.0,18.0,55.0,HI,30.0,RAMPING
2026-09-04 17:51:58,26.7,330.8592,340.00,-9.1408,30.00,1.00,2.0,18.0,55.0,HI,30.0,RAMPING
2026-09-04 17:52:00,28.1,330.8773,340.00,-9.1227,30.00,1.00,2.0,18.0,55.0,HI,30.0,RAMPING
2026-09-04 17:52:01,29.5,330.8969,340.00,-9.1031,30.00,1.00,2.0,18.0,55.0,HI,30.0,RAMPING
2026-09-04 17:52:02,30.9,330.9196,340.00,-9.0804,30.00,1.00,2.0,18.0,55.0,HI,30.0,RAMPING
2026-09-04 17:52:04,32.3,330.9439,340.00,-9.0561,30.00,1.00,2.0,18.0,55.0,HI,30.0,RAMPING
2026-09-04 17:52:05,33.7,330.9688,340.00,-9.0312,30.00,1.00,2.0,18.0,55.0,HI,30.0,RAMPING
2026-09-04 17:52:07,35.1,330.9949,340.00,-9.0051,30.00,1.00,2.0,18.0,55.0,HI,30.0,RAMPING
2026-09-04 17:52:08,36.5,331.0240,340.00,-8.9760,30.00,1.00,2.0,18.0,55.0,HI,30.0,RAMPING
2026-09-04 17:52:09,37.9,331.0526,340.00,-8.9474,30.00,1.00,2.0,18.0,55.0,HI,30.0,RAMPING
2026-09-04 17:52:11,39.3,331.0825,340.00,-8.9175,30.00,1.00,2.0,18.0,55.0,HI,30.0,RAMPING
2026-09-04 17:52:12,40.7,331.1137,340.00,-8.8863,30.00,1.00,2.0,18.0,55.0,HI,30.0,RAMPING
2026-09-04 17:52:14,42.1,331.1444,340.00,-8.8556,30.00,1.00,2.0,18.0,55.0,HI,30.0,RAMPING
2026-09-04 17:52:15,43.5,331.1785,340.00,-8.8215,30.00,1.00,2.0,18.0,55.0,HI,30.0,RAMPING
2026-09-04 17:52:16,44.9,331.2118,340.00,-8.7882,30.00,1.00,2.0,18.0,55.0,HI,30.0,RAMPING
2026-09-04 17:52:18,46.3,331.2453,340.00,-8.7547,30.00,1.00,2.0,18.0,55.0,HI,30.0,RAMPING
2026-09-04 17:52:19,47.7,331.2802,340.00,-8.7198,30.00,1.00,2.0,18.0,55.0,HI,30.0,RAMPING
2026-09-04 17:52:21,49.1,331.3144,340.00,-8.6856,30.00,1.00,2.0,18.0,55.0,HI,30.0,RAMPING
2026-09-04 17:52:22,50.5,331.3509,340.00,-8.6491,30.00,1.00,2.0,18.0,55.0,HI,30.0,RAMPING
2026-09-04 17:52:23,51.9,331.3854,340.00,-8.6146,30.00,1.00,2.0,18.0,55.0,HI,30.0,RAMPING
2026-09-04 17:52:25,53.3,331.4205,340.00,-8.5795,30.00,1.00,2.0,18.0,55.0,HI,30.0,RAMPING
2026-09-04 17:52:26,54.8,331.4558,340.00,-8.5442,30.00,1.00,2.0,18.0,55.0,HI,30.0,RAMPING
2026-09-04 17:52:28,56.2,331.4941,340.00,-8.5059,30.00,1.00,2.0,18.0,55.0,HI,30.0,RAMPING
2026-09-04 17:52:29,57.6,331.5304,340.00,-8.4696,30.00,1.00,2.0,18.0,55.0,HI,30.0,RAMPING
2026-09-04 17:52:30,59.0,331.5685,340.00,-8.4315,30.00,1.00,2.0,18.0,55.0,HI,30.0,RAMPING
2026-09-04 17:52:32,60.4,331.6063,340.00,-8.3937,30.00,1.00,2.0,18.0,55.0,HI,30.0,RAMPING
2026-09-04 17:52:33,61.8,331.6438,340.00,-8.3562,30.00,1.00,2.0,18.0,55.0,HI,30.0,RAMPING
2026-09-04 17:52:35,63.2,331.6832,340.00,-8.3168,30.00,1.00,2.0,18.0,55.0,HI,30.0,RAMPING
2026-09-04 17:52:36,64.6,331.7216,340.00,-8.2784,30.00,1.00,2.0,18.0,55.0,HI,30.0,RAMPING
2026-09-04 17:52:37,66.0,331.7586,340.00,-8.2414,30.00,1.00,2.0,18.0,55.0,HI,30.0,RAMPING
2026-09-04 17:52:39,67.4,331.7958,340.00,-8.2042,30.00,1.00,2.0,18.0,55.0,HI,30.0,RAMPING
2026-09-04 17:52:40,68.8,331.8341,340.00,-8.1659,30.00,1.00,2.0,18.0,55.0,HI,30.0,RAMPING
2026-09-04 17:52:42,70.2,331.8740,340.00,-8.1260,30.00,1.00,2.0,18.0,55.0,HI,30.0,RAMPING
2026-09-04 17:52:43,71.6,331.9119,340.00,-8.0881,30.00,1.00,2.0,18.0,55.0,HI,30.0,RAMPING
2026-09-04 17:52:44,73.0,331.9497,340.00,-8.0503,30.00,1.00,2.0,18.0,55.0,HI,30.0,RAMPING
2026-09-04 17:52:46,74.4,331.9874,340.00,-8.0126,30.00,1.00,2.0,18.0,55.0,HI,30.0,RAMPING
2026-09-04 17:52:47,75.8,332.0255,340.00,-7.9745,30.00,1.00,2.0,18.0,55.0,HI,30.0,RAMPING
2026-09-04 17:52:49,77.2,332.0663,340.00,-7.9337,30.00,1.00,2.0,18.0,55.0,HI,30.0,RAMPING
2026-09-04 17:52:50,78.6,332.1048,340.00,-7.8952,30.00,1.00,2.0,18.0,55.0,HI,30.0,RAMPING
2026-09-04 17:52:51,80.0,332.1432,340.00,-7.8568,30.00,1.00,2.0,18.0,55.0,HI,30.0,RAMPING
2026-09-04 17:52:53,81.4,332.1813,340.00,-7.8187,30.00,1.00,2.0,18.0,55.0,HI,30.0,RAMPING
2026-09-04 17:52:54,82.8,332.2223,340.00,-7.7777,30.00,1.00,2.0,18.0,55.0,HI,30.0,RAMPING
2026-09-04 17:52:56,84.2,332.2605,340.00,-7.7395,30.00,1.00,2.0,18.0,55.0,HI,30.0,RAMPING
2026-09-04 17:52:57,85.6,332.2983,340.00,-7.7017,30.00,1.00,2.0,18.0,55.0,HI,30.0,RAMPING
2026-09-04 17:52:58,87.0,332.3360,340.00,-7.6640,30.00,1.00,2.0,18.0,55.0,HI,30.0,RAMPING
2026-09-04 17:53:00,88.4,332.3737,340.00,-7.6263,30.00,1.00,2.0,18.0,55.0,HI,30.0,RAMPING
2026-09-04 17:53:01,89.8,332.4141,340.00,-7.5859,30.00,1.00,2.0,18.0,55.0,HI,30.0,RAMPING
2026-09-04 17:53:03,91.2,332.4516,340.00,-7.5484,30.00,1.00,2.0,18.0,55.0,HI,30.0,RAMPING
2026-09-04 17:53:04,92.6,332.4890,340.00,-7.5110,30.00,1.00,2.0,18.0,55.0,HI,30.0,RAMPING
2026-09-04 17:53:06,94.1,332.5262,340.00,-7.4738,30.00,1.00,2.0,18.0,55.0,HI,30.0,RAMPING
2026-09-04 17:53:07,95.5,332.5638,340.00,-7.4362,30.00,1.00,2.0,18.0,55.0,HI,30.0,RAMPING
2026-09-04 17:53:08,96.9,332.6031,340.00,-7.3969,30.00,1.00,2.0,18.0,55.0,HI,30.0,RAMPING
2026-09-04 17:53:10,98.3,332.6401,340.00,-7.3599,30.00,1.00,2.0,18.0,55.0,HI,30.0,RAMPING
2026-09-04 17:53:11,99.7,332.6768,340.00,-7.3232,30.00,1.00,2.0,18.0,55.0,HI,30.0,RAMPING
2026-09-04 17:53:13,101.1,332.7136,340.00,-7.2864,30.00,1.00,2.0,18.0,55.0,HI,30.0,RAMPING
2026-09-04 17:53:14,102.5,332.7525,340.00,-7.2475,30.00,1.00,2.0,18.0,55.0,HI,30.0,RAMPING
2026-09-04 17:53:15,103.9,332.7896,340.00,-7.2104,30.00,1.00,2.0,18.0,55.0,HI,30.0,RAMPING
2026-09-04 17:53:17,105.3,332.8269,340.00,-7.1731,30.00,1.00,2.0,18.0,55.0,HI,30.0,RAMPING
2026-09-04 17:53:18,106.7,332.8638,340.00,-7.1362,30.00,1.00,2.0,18.0,55.0,HI,30.0,RAMPING
2026-09-04 17:53:20,108.1,332.9006,340.00,-7.0994,30.00,1.00,2.0,18.0,55.0,HI,30.0,RAMPING
2026-09-04 17:53:21,109.5,332.9371,340.00,-7.0629,30.00,1.00,2.0,18.0,55.0,HI,30.0,RAMPING
2026-09-04 17:53:22,110.9,332.9754,340.00,-7.0246,30.00,1.00,2.0,18.0,55.0,HI,30.0,RAMPING
2026-09-04 17:53:24,112.3,333.0113,340.00,-6.9887,30.00,1.00,2.0,18.0,55.0,HI,30.0,RAMPING
2026-09-04 17:53:25,113.7,333.0484,340.00,-6.9516,30.00,1.00,2.0,18.0,55.0,HI,30.0,RAMPING
2026-09-04 17:53:27,115.1,333.0855,340.00,-6.9145,30.00,1.00,2.0,18.0,55.0,HI,30.0,RAMPING
2026-09-04 17:53:28,116.5,333.1239,340.00,-6.8761,30.00,1.00,2.0,18.0,55.0,HI,30.0,RAMPING
2026-09-04 17:53:29,117.9,333.1595,340.00,-6.8405,30.00,1.00,2.0,18.0,55.0,HI,30.0,RAMPING
2026-09-04 17:53:31,119.3,333.1951,340.00,-6.8049,30.00,1.00,2.0,18.0,55.0,HI,30.0,RAMPING
2026-09-04 17:53:32,120.7,333.2310,340.00,-6.7690,30.00,1.00,2.0,18.0,55.0,HI,30.0,RAMPING
2026-09-04 17:53:34,122.1,333.2660,340.00,-6.7340,30.00,1.00,2.0,18.0,55.0,HI,30.0,RAMPING
2026-09-04 17:53:35,123.5,333.3035,340.00,-6.6965,30.00,1.00,2.0,18.0,55.0,HI,30.0,RAMPING
2026-09-04 17:53:36,124.9,333.3390,340.00,-6.6610,30.00,1.00,2.0,18.0,55.0,HI,30.0,RAMPING
2026-09-04 17:53:38,126.3,333.3749,340.00,-6.6251,30.00,1.00,2.0,18.0,55.0,HI,30.0,RAMPING
2026-09-04 17:53:39,127.7,333.4112,340.00,-6.5888,30.00,1.00,2.0,18.0,55.0,HI,30.0,RAMPING
2026-09-04 17:53:41,129.1,333.4472,340.00,-6.5528,30.00,1.00,2.0,18.0,55.0,HI,30.0,RAMPING
2026-09-04 17:53:42,130.5,333.4845,340.00,-6.5155,30.00,1.00,2.0,18.0,55.0,HI,30.0,RAMPING
2026-09-04 17:53:43,131.9,333.5197,340.00,-6.4803,30.00,1.00,2.0,18.0,55.0,HI,30.0,RAMPING
2026-09-04 17:53:45,133.4,333.5551,340.00,-6.4449,30.00,1.00,2.0,18.0,55.0,HI,30.0,RAMPING
2026-09-04 17:53:46,134.8,333.5909,340.00,-6.4091,30.00,1.00,2.0,18.0,55.0,HI,30.0,RAMPING
2026-09-04 17:53:48,136.2,333.6284,340.00,-6.3716,30.00,1.00,2.0,18.0,55.0,HI,30.0,RAMPING
2026-09-04 17:53:49,137.6,333.6638,340.00,-6.3362,30.00,1.00,2.0,18.0,55.0,HI,30.0,RAMPING
2026-09-04 17:53:50,139.0,333.6987,340.00,-6.3013,30.00,1.00,2.0,18.0,55.0,HI,30.0,RAMPING
2026-09-04 17:53:52,140.4,333.7336,340.00,-6.2664,30.00,1.00,2.0,18.0,55.0,HI,30.0,RAMPING
2026-09-04 17:53:53,141.8,333.7694,340.00,-6.2306,30.00,1.00,2.0,18.0,55.0,HI,30.0,RAMPING
2026-09-04 17:53:55,143.2,333.8066,340.00,-6.1934,30.00,1.00,2.0,18.0,55.0,HI,30.0,RAMPING
2026-09-04 17:53:56,144.6,333.8421,340.00,-6.1579,30.00,1.00,2.0,18.0,55.0,HI,30.0,RAMPING
2026-09-04 17:53:57,146.0,333.8774,340.00,-6.1226,30.00,1.00,2.0,18.0,55.0,HI,30.0,RAMPING
2026-09-04 17:53:59,147.4,333.9124,340.00,-6.0876,30.00,1.00,2.0,18.0,55.0,HI,30.0,RAMPING
2026-09-04 17:54:00,148.8,333.9469,340.00,-6.0531,30.00,1.00,2.0,18.0,55.0,HI,30.0,RAMPING
2026-09-04 17:54:02,150.2,333.9840,340.00,-6.0160,30.00,1.00,2.0,18.0,55.0,HI,30.0,RAMPING
2026-09-04 17:54:03,151.6,334.0186,340.00,-5.9814,30.00,1.00,2.0,18.0,55.0,HI,30.0,RAMPING
2026-09-04 17:54:04,153.0,334.0530,340.00,-5.9470,30.00,1.00,2.0,18.0,55.0,HI,30.0,RAMPING
2026-09-04 17:54:06,154.4,334.0885,340.00,-5.9115,30.00,1.00,2.0,18.0,55.0,HI,30.0,RAMPING
2026-09-04 17:54:07,155.8,334.1258,340.00,-5.8742,30.00,1.00,2.0,18.0,55.0,HI,30.0,RAMPING
2026-09-04 17:54:09,157.2,334.1612,340.00,-5.8388,30.00,1.00,2.0,18.0,55.0,HI,30.0,RAMPING
2026-09-04 17:54:10,158.6,334.1962,340.00,-5.8038,30.00,1.00,2.0,18.0,55.0,HI,30.0,RAMPING
2026-09-04 17:54:11,160.0,334.2310,340.00,-5.7690,30.00,1.00,2.0,18.0,55.0,HI,30.0,RAMPING
2026-09-04 17:54:13,161.4,334.2659,340.00,-5.7341,30.00,1.00,2.0,18.0,55.0,HI,30.0,RAMPING
2026-09-04 17:54:14,162.8,334.3035,340.00,-5.6965,30.00,1.00,2.0,18.0,55.0,HI,30.0,RAMPING
2026-09-04 17:54:16,164.2,334.3388,340.00,-5.6612,30.00,1.00,2.0,18.0,55.0,HI,30.0,RAMPING
2026-09-04 17:54:17,165.7,334.3739,340.00,-5.6261,30.00,1.00,2.0,18.0,55.0,HI,30.0,RAMPING
2026-09-04 17:54:19,167.1,334.4083,340.00,-5.5917,30.00,1.00,2.0,18.0,55.0,HI,30.0,RAMPING
2026-09-04 17:54:20,168.5,334.4446,340.00,-5.5554,30.00,1.00,2.0,18.0,55.0,HI,30.0,RAMPING
2026-09-04 17:54:21,169.9,334.4797,340.00,-5.5203,30.00,1.00,2.0,18.0,55.0,HI,30.0,RAMPING
2026-09-04 17:54:23,171.3,334.5125,340.00,-5.4875,30.00,1.00,2.0,18.0,55.0,HI,30.0,RAMPING
2026-09-04 17:54:24,172.7,334.5491,340.00,-5.4509,30.00,1.00,2.0,18.0,55.0,HI,30.0,RAMPING
2026-09-04 17:54:26,174.1,334.5836,340.00,-5.4164,30.00,1.00,2.0,18.0,55.0,HI,30.0,RAMPING
2026-09-04 17:54:27,175.5,334.6212,340.00,-5.3788,30.00,1.00,2.0,18.0,55.0,HI,30.0,RAMPING
2026-09-04 17:54:28,176.9,334.6564,340.00,-5.3436,30.00,1.00,2.0,18.0,55.0,HI,30.0,RAMPING
2026-09-04 17:54:30,178.3,334.6909,340.00,-5.3091,30.00,1.00,2.0,18.0,55.0,HI,30.0,RAMPING
2026-09-04 17:54:31,179.7,334.7251,340.00,-5.2749,30.00,1.00,2.0,18.0,55.0,HI,30.0,RAMPING
2026-09-04 17:54:33,181.1,334.7620,340.00,-5.2380,30.00,1.00,2.0,18.0,55.0,HI,30.0,RAMPING
2026-09-04 17:54:34,182.5,334.7960,340.00,-5.2040,30.00,1.00,2.0,18.0,55.0,HI,30.0,RAMPING
2026-09-04 17:54:35,183.9,334.8305,340.00,-5.1695,30.00,1.00,2.0,18.0,55.0,HI,30.0,RAMPING
2026-09-04 17:54:37,185.3,334.8650,340.00,-5.1350,30.00,1.00,2.0,18.0,55.0,HI,30.0,RAMPING
2026-09-04 17:54:38,186.7,334.8995,340.00,-5.1005,30.00,1.00,2.0,18.0,55.0,HI,30.0,RAMPING
2026-09-04 17:54:40,188.1,334.9372,340.00,-5.0628,30.00,1.00,2.0,18.0,55.0,HI,30.0,RAMPING
2026-09-04 17:54:41,189.5,334.9715,340.00,-5.0285,30.00,1.00,2.0,18.0,55.0,HI,30.0,RAMPING
2026-09-04 17:54:42,190.9,335.0057,340.00,-4.9943,30.00,1.00,2.0,18.0,55.0,HI,30.0,RAMPING
2026-09-04 17:54:44,192.3,335.0402,340.00,-4.9598,30.00,1.00,2.0,18.0,55.0,HI,30.0,RAMPING
2026-09-04 17:54:45,193.7,335.0750,340.00,-4.9250,30.00,1.00,2.0,18.0,55.0,HI,30.0,RAMPING
2026-09-04 17:54:47,195.1,335.1113,340.00,-4.8887,30.00,1.00,2.0,18.0,55.0,HI,30.0,RAMPING
2026-09-04 17:54:48,196.5,335.1454,340.00,-4.8546,30.00,1.00,2.0,18.0,55.0,HI,30.0,RAMPING
2026-09-04 17:54:49,197.9,335.1798,340.00,-4.8202,30.00,1.00,2.0,18.0,55.0,HI,30.0,RAMPING
2026-09-04 17:54:51,199.3,335.2139,340.00,-4.7861,30.00,1.00,2.0,18.0,55.0,HI,30.0,RAMPING
2026-09-04 17:54:52,200.7,335.2513,340.00,-4.7487,30.00,1.00,2.0,18.0,55.0,HI,30.0,RAMPING
2026-09-04 17:54:54,202.1,335.2867,340.00,-4.7133,30.00,1.00,2.0,18.0,55.0,HI,30.0,RAMPING
2026-09-04 17:54:55,203.5,335.3211,340.00,-4.6789,30.00,1.00,2.0,18.0,55.0,HI,30.0,RAMPING
2026-09-04 17:54:56,205.0,335.3551,340.00,-4.6449,30.00,1.00,2.0,18.0,55.0,HI,30.0,RAMPING
2026-09-04 17:54:58,206.4,335.3889,340.00,-4.6111,30.00,1.00,2.0,18.0,55.0,HI,30.0,RAMPING
2026-09-04 17:54:59,207.8,335.4240,340.00,-4.5760,30.00,1.00,2.0,18.0,55.0,HI,30.0,RAMPING
2026-09-04 17:55:01,209.2,335.4578,340.00,-4.5422,30.00,1.00,2.0,18.0,55.0,HI,30.0,RAMPING
2026-09-04 17:55:02,210.6,335.4911,340.00,-4.5089,30.00,1.00,2.0,18.0,55.0,HI,30.0,RAMPING
2026-09-04 17:55:03,212.0,335.5254,340.00,-4.4746,30.00,1.00,2.0,18.0,55.0,HI,30.0,RAMPING
2026-09-04 17:55:05,213.4,335.5594,340.00,-4.4406,30.00,1.00,2.0,18.0,55.0,HI,30.0,RAMPING
2026-09-04 17:55:06,214.8,335.5956,340.00,-4.4044,30.00,1.00,2.0,18.0,55.0,HI,30.0,RAMPING
2026-09-04 17:55:08,216.2,335.6295,340.00,-4.3705,30.00,1.00,2.0,18.0,55.0,HI,30.0,RAMPING
2026-09-04 17:55:09,217.6,335.6626,340.00,-4.3374,30.00,1.00,2.0,18.0,55.0,HI,30.0,RAMPING
2026-09-04 17:55:10,219.0,335.6962,340.00,-4.3038,30.00,1.00,2.0,18.0,55.0,HI,30.0,RAMPING
2026-09-04 17:55:12,220.4,335.7303,340.00,-4.2697,30.00,1.00,2.0,18.0,55.0,HI,30.0,RAMPING
2026-09-04 17:55:13,221.8,335.7665,340.00,-4.2335,30.00,1.00,2.0,18.0,55.0,HI,30.0,RAMPING
2026-09-04 17:55:15,223.2,335.8008,340.00,-4.1992,30.00,1.00,2.0,18.0,55.0,HI,30.0,RAMPING
2026-09-04 17:55:16,224.6,335.8347,340.00,-4.1653,30.00,1.00,2.0,18.0,55.0,HI,30.0,RAMPING
2026-09-04 17:55:17,226.0,335.8682,340.00,-4.1318,30.00,1.00,2.0,18.0,55.0,HI,30.0,RAMPING
2026-09-04 17:55:19,227.4,335.9041,340.00,-4.0959,30.00,1.00,2.0,18.0,55.0,HI,30.0,RAMPING
2026-09-04 17:55:20,228.8,335.9378,340.00,-4.0622,30.00,1.00,2.0,18.0,55.0,HI,30.0,RAMPING
2026-09-04 17:55:22,230.2,335.9719,340.00,-4.0281,30.00,1.00,2.0,18.0,55.0,HI,30.0,RAMPING
2026-09-04 17:55:23,231.6,336.0058,340.00,-3.9942,30.00,1.00,2.0,18.0,55.0,HI,30.0,RAMPING
2026-09-04 17:55:24,233.0,336.0399,340.00,-3.9601,30.00,1.00,2.0,18.0,55.0,HI,30.0,RAMPING
2026-09-04 17:55:26,234.4,336.0756,340.00,-3.9244,30.00,1.00,2.0,18.0,55.0,HI,30.0,RAMPING
2026-09-04 17:55:27,235.8,336.1096,340.00,-3.8904,30.00,1.00,2.0,18.0,55.0,HI,30.0,RAMPING
2026-09-04 17:55:29,237.2,336.1437,340.00,-3.8563,30.00,1.00,2.0,18.0,55.0,HI,30.0,RAMPING
2026-09-04 17:55:30,238.6,336.1778,340.00,-3.8222,30.00,1.00,2.0,18.0,55.0,HI,30.0,RAMPING
2026-09-04 17:55:32,240.0,336.2133,340.00,-3.7867,30.00,1.00,2.0,18.0,55.0,HI,30.0,RAMPING
2026-09-04 17:55:33,241.4,336.2473,340.00,-3.7527,30.00,1.00,2.0,18.0,55.0,HI,30.0,RAMPING
2026-09-04 17:55:34,242.8,336.2804,340.00,-3.7196,30.00,1.00,2.0,18.0,55.0,HI,30.0,RAMPING
2026-09-04 17:55:36,244.3,336.3137,340.00,-3.6863,30.00,1.00,2.0,18.0,55.0,HI,30.0,RAMPING
2026-09-04 17:55:37,245.7,336.3475,340.00,-3.6525,30.00,1.00,2.0,18.0,55.0,HI,30.0,RAMPING
2026-09-04 17:55:39,247.1,336.3833,340.00,-3.6167,30.00,1.00,2.0,18.0,55.0,HI,30.0,RAMPING
2026-09-04 17:55:40,248.5,336.4171,340.00,-3.5829,30.00,1.00,2.0,18.0,55.0,HI,30.0,RAMPING
2026-09-04 17:55:41,249.9,336.4508,340.00,-3.5492,30.00,1.00,2.0,18.0,55.0,HI,30.0,RAMPING
2026-09-04 17:55:43,251.3,336.4836,340.00,-3.5164,30.00,1.00,2.0,18.0,55.0,HI,30.0,RAMPING
2026-09-04 17:55:44,252.7,336.5169,340.00,-3.4831,30.00,1.00,2.0,18.0,55.0,HI,30.0,RAMPING
2026-09-04 17:55:46,254.1,336.5520,340.00,-3.4480,30.00,1.00,2.0,18.0,55.0,HI,30.0,RAMPING
2026-09-04 17:55:47,255.5,336.5853,340.00,-3.4147,30.00,1.00,2.0,18.0,55.0,HI,30.0,RAMPING
2026-09-04 17:55:48,256.9,336.6190,340.00,-3.3810,30.00,1.00,2.0,18.0,55.0,HI,30.0,RAMPING
2026-09-04 17:55:50,258.3,336.6523,340.00,-3.3477,30.00,1.00,2.0,18.0,55.0,HI,30.0,RAMPING
2026-09-04 17:55:51,259.7,336.6857,340.00,-3.3143,30.00,1.00,2.0,18.0,55.0,HI,30.0,RAMPING
2026-09-04 17:55:53,261.1,336.7216,340.00,-3.2784,30.00,1.00,2.0,18.0,55.0,HI,30.0,RAMPING
2026-09-04 17:55:54,262.5,336.7549,340.00,-3.2451,30.00,1.00,2.0,18.0,55.0,HI,30.0,RAMPING
2026-09-04 17:55:55,263.9,336.7884,340.00,-3.2116,30.00,1.00,2.0,18.0,55.0,HI,30.0,RAMPING
2026-09-04 17:55:57,265.3,336.8220,340.00,-3.1780,30.00,1.00,2.0,18.0,55.0,HI,30.0,RAMPING
2026-09-04 17:55:58,266.7,336.8582,340.00,-3.1418,30.00,1.00,2.0,18.0,55.0,HI,30.0,RAMPING
2026-09-04 17:56:00,268.1,336.8918,340.00,-3.1082,30.00,1.00,2.0,18.0,55.0,HI,30.0,RAMPING
2026-09-04 17:56:01,269.5,336.9252,340.00,-3.0748,30.00,1.00,2.0,18.0,55.0,HI,30.0,RAMPING
2026-09-04 17:56:02,270.9,336.9584,340.00,-3.0416,30.00,1.00,2.0,18.0,55.0,HI,30.0,RAMPING
2026-09-04 17:56:04,272.3,336.9915,340.00,-3.0085,30.00,1.00,2.0,18.0,55.0,HI,30.0,RAMPING
2026-09-04 17:56:05,273.7,337.0262,340.00,-2.9738,30.00,1.00,2.0,18.0,55.0,HI,30.0,RAMPING
2026-09-04 17:56:07,275.1,337.0596,340.00,-2.9404,30.00,1.00,2.0,18.0,55.0,HI,30.0,RAMPING
2026-09-04 17:56:08,276.5,337.0932,340.00,-2.9068,30.00,1.00,2.0,18.0,55.0,HI,30.0,RAMPING
2026-09-04 17:56:09,277.9,337.1266,340.00,-2.8734,30.00,1.00,2.0,18.0,55.0,HI,30.0,RAMPING
2026-09-04 17:56:11,279.3,337.1598,340.00,-2.8402,30.00,1.00,2.0,18.0,55.0,HI,30.0,RAMPING
2026-09-04 17:56:12,280.7,337.1948,340.00,-2.8052,30.00,1.00,2.0,18.0,55.0,HI,30.0,RAMPING
2026-09-04 17:56:14,282.2,337.2274,340.00,-2.7726,30.00,1.00,2.0,18.0,55.0,HI,30.0,RAMPING
2026-09-04 17:56:15,283.6,337.2609,340.00,-2.7391,30.00,1.00,2.0,18.0,55.0,HI,30.0,RAMPING
2026-09-04 17:56:16,285.0,337.2941,340.00,-2.7059,30.00,1.00,2.0,18.0,55.0,HI,30.0,RAMPING
2026-09-04 17:56:18,286.4,337.3292,340.00,-2.6708,30.00,1.00,2.0,18.0,55.0,HI,30.0,RAMPING
2026-09-04 17:56:19,287.8,337.3622,340.00,-2.6378,30.00,1.00,2.0,18.0,55.0,HI,30.0,RAMPING
2026-09-04 17:56:21,289.2,337.3962,340.00,-2.6038,30.00,1.00,2.0,18.0,55.0,HI,30.0,RAMPING
2026-09-04 17:56:22,290.6,337.4290,340.00,-2.5710,30.00,1.00,2.0,18.0,55.0,HI,30.0,RAMPING
2026-09-04 17:56:23,292.0,337.4623,340.00,-2.5377,30.00,1.00,2.0,18.0,55.0,HI,30.0,RAMPING
2026-09-04 17:56:25,293.4,337.4972,340.00,-2.5028,30.00,1.00,2.0,18.0,55.0,HI,30.0,RAMPING
2026-09-04 17:56:26,294.8,337.5303,340.00,-2.4697,30.00,1.00,2.0,18.0,55.0,HI,30.0,RAMPING
2026-09-04 17:56:28,296.2,337.5638,340.00,-2.4362,30.00,1.00,2.0,18.0,55.0,HI,30.0,RAMPING
2026-09-04 17:56:29,297.6,337.5962,340.00,-2.4038,30.00,1.00,2.0,18.0,55.0,HI,30.0,RAMPING
2026-09-04 17:56:30,299.0,337.6279,340.00,-2.3721,30.00,1.00,2.0,18.0,55.0,HI,30.0,RAMPING
2026-09-04 17:56:32,300.4,337.6627,340.00,-2.3373,30.00,1.00,2.0,18.0,55.0,HI,30.0,RAMPING
2026-09-04 17:56:33,301.8,337.6962,340.00,-2.3038,30.00,1.00,2.0,18.0,55.0,HI,30.0,RAMPING
2026-09-04 17:56:35,303.2,337.7297,340.00,-2.2703,30.00,1.00,2.0,18.0,55.0,HI,30.0,RAMPING
2026-09-04 17:56:36,304.6,337.7625,340.00,-2.2375,30.00,1.00,2.0,18.0,55.0,HI,30.0,RAMPING
2026-09-04 17:56:37,306.0,337.7961,340.00,-2.2039,30.00,1.00,2.0,18.0,55.0,HI,30.0,RAMPING
2026-09-04 17:56:39,307.4,337.8315,340.00,-2.1685,30.00,1.00,2.0,18.0,55.0,HI,30.0,RAMPING
2026-09-04 17:56:40,308.8,337.8646,340.00,-2.1354,30.00,1.00,2.0,18.0,55.0,HI,30.0,RAMPING
2026-09-04 17:56:42,310.2,337.8978,340.00,-2.1022,30.00,1.00,2.0,18.0,55.0,HI,30.0,RAMPING
2026-09-04 17:56:43,311.6,337.9312,340.00,-2.0688,30.00,1.00,2.0,18.0,55.0,HI,30.0,RAMPING
2026-09-04 17:56:44,313.0,337.9658,340.00,-2.0342,30.00,1.00,2.0,18.0,55.0,HI,30.0,RAMPING
2026-09-04 17:56:46,314.4,337.9990,340.00,-2.0010,30.00,1.00,2.0,18.0,55.0,HI,30.0,RAMPING
2026-09-04 17:56:47,315.8,338.0325,340.00,-1.9675,30.00,1.00,2.0,18.0,55.0,HI,30.0,RAMPING
2026-09-04 17:56:49,317.2,338.0657,340.00,-1.9343,30.00,1.00,2.0,18.0,55.0,HI,30.0,RAMPING
2026-09-04 17:56:50,318.6,338.0988,340.00,-1.9012,30.00,1.00,2.0,18.0,55.0,HI,30.0,RAMPING
2026-09-04 17:56:52,320.0,338.1343,340.00,-1.8657,30.00,1.00,2.0,18.0,55.0,HI,30.0,RAMPING
2026-09-04 17:56:53,321.5,338.1683,340.00,-1.8317,30.00,1.00,2.0,18.0,55.0,HI,30.0,RAMPING
2026-09-04 17:56:54,322.9,338.2014,340.00,-1.7986,30.00,1.00,2.0,18.0,55.0,HI,30.0,RAMPING
2026-09-04 17:56:56,324.3,338.2340,340.00,-1.7660,30.00,1.00,2.0,18.0,55.0,HI,30.0,RAMPING
2026-09-04 17:56:57,325.7,338.2669,340.00,-1.7331,30.00,1.00,2.0,18.0,55.0,HI,30.0,RAMPING
2026-09-04 17:56:59,327.1,338.3021,340.00,-1.6979,30.00,1.00,2.0,18.0,55.0,HI,30.0,RAMPING
2026-09-04 17:57:00,328.5,338.3352,340.00,-1.6648,30.00,1.00,2.0,18.0,55.0,HI,30.0,RAMPING
2026-09-04 17:57:01,329.9,338.3685,340.00,-1.6315,30.00,1.00,2.0,18.0,55.0,HI,30.0,RAMPING
2026-09-04 17:57:03,331.3,338.4017,340.00,-1.5983,30.00,1.00,2.0,18.0,55.0,HI,30.0,RAMPING
2026-09-04 17:57:04,332.7,338.4373,340.00,-1.5627,30.00,1.00,2.0,18.0,55.0,HI,30.0,RAMPING
2026-09-04 17:57:06,334.1,338.4712,340.00,-1.5288,30.00,1.00,2.0,18.0,55.0,HI,30.0,RAMPING
2026-09-04 17:57:07,335.5,338.5052,340.00,-1.4948,30.00,1.00,2.0,18.0,55.0,HI,30.0,RAMPING
2026-09-04 17:57:08,336.9,338.5382,340.00,-1.4618,30.00,1.00,2.0,18.0,55.0,HI,30.0,RAMPING
2026-09-04 17:57:10,338.3,338.5713,340.00,-1.4287,30.00,1.00,2.0,18.0,55.0,HI,30.0,RAMPING
2026-09-04 17:57:11,339.7,338.6062,340.00,-1.3938,30.00,1.00,2.0,18.0,55.0,HI,30.0,RAMPING
2026-09-04 17:57:13,341.1,338.6391,340.00,-1.3609,30.00,1.00,2.0,18.0,55.0,HI,30.0,RAMPING
2026-09-04 17:57:14,342.5,338.6724,340.00,-1.3276,30.00,1.00,2.0,18.0,55.0,HI,30.0,RAMPING
2026-09-04 17:57:15,343.9,338.7059,340.00,-1.2941,30.00,1.00,2.0,18.0,55.0,HI,30.0,RAMPING
2026-09-04 17:57:17,345.3,338.7393,340.00,-1.2607,30.00,1.00,2.0,18.0,55.0,HI,30.0,RAMPING
2026-09-04 17:57:18,346.7,338.7746,340.00,-1.2254,30.00,1.00,2.0,18.0,55.0,HI,30.0,RAMPING
2026-09-04 17:57:20,348.1,338.8080,340.00,-1.1920,30.00,1.00,2.0,18.0,55.0,HI,30.0,RAMPING
2026-09-04 17:57:21,349.5,338.8415,340.00,-1.1585,30.00,1.00,2.0,18.0,55.0,HI,30.0,RAMPING
2026-09-04 17:57:22,350.9,338.8743,340.00,-1.1257,30.00,1.00,2.0,18.0,55.0,HI,30.0,RAMPING
2026-09-04 17:57:24,352.3,338.9094,340.00,-1.0906,30.00,1.00,2.0,18.0,55.0,HI,30.0,RAMPING
2026-09-04 17:57:25,353.7,338.9427,340.00,-1.0573,30.00,1.00,2.0,18.0,55.0,HI,30.0,RAMPING
2026-09-04 17:57:27,355.1,338.9759,340.00,-1.0241,30.00,1.00,2.0,18.0,55.0,HI,30.0,RAMPING
2026-09-04 17:57:28,356.5,339.0090,340.00,-0.9910,30.00,1.00,2.0,18.0,55.0,HI,30.0,RAMPING
2026-09-04 17:57:29,357.9,339.0424,340.00,-0.9576,30.00,1.00,2.0,18.0,55.0,HI,30.0,RAMPING
2026-09-04 17:57:31,359.3,339.0771,340.00,-0.9229,30.00,1.00,2.0,18.0,55.0,HI,30.0,RAMPING
2026-09-04 17:57:32,360.8,339.1099,340.00,-0.8901,30.00,1.00,2.0,18.0,55.0,HI,30.0,RAMPING
2026-09-04 17:57:34,362.2,339.1429,340.00,-0.8571,30.00,1.00,2.0,18.0,55.0,HI,30.0,RAMPING
2026-09-04 17:57:35,363.6,339.1763,340.00,-0.8237,30.00,1.00,2.0,18.0,55.0,HI,30.0,RAMPING
2026-09-04 17:57:36,365.0,339.2093,340.00,-0.7907,30.00,1.00,2.0,18.0,55.0,HI,30.0,RAMPING
2026-09-04 17:57:38,366.4,339.2440,340.00,-0.7560,30.00,1.00,2.0,18.0,55.0,HI,30.0,RAMPING
2026-09-04 17:57:39,367.8,339.2750,340.00,-0.7250,30.00,1.00,2.0,18.0,55.0,HI,30.0,RAMPING
2026-09-04 17:57:41,369.2,339.3097,340.00,-0.6903,30.00,1.00,2.0,18.0,55.0,HI,30.0,RAMPING
2026-09-04 17:57:42,370.6,339.3430,340.00,-0.6570,30.00,1.00,2.0,18.0,55.0,HI,30.0,RAMPING
2026-09-04 17:57:43,372.0,339.3762,340.00,-0.6238,30.00,1.00,2.0,18.0,55.0,HI,30.0,RAMPING
2026-09-04 17:57:45,373.4,339.4111,340.00,-0.5889,30.00,1.00,2.0,18.0,55.0,HI,30.0,RAMPING
2026-09-04 17:57:46,374.8,339.4435,340.00,-0.5565,30.00,1.00,2.0,18.0,55.0,HI,30.0,RAMPING
2026-09-04 17:57:48,376.2,339.4760,340.00,-0.5240,29.98,1.00,2.0,18.0,55.0,HI,30.0,RAMPING
2026-09-04 17:57:49,377.6,339.5090,340.00,-0.4910,29.98,1.00,2.0,18.0,55.0,HI,30.0,RAMPING
2026-09-04 17:57:50,379.0,339.5442,340.00,-0.4558,29.95,1.00,2.0,18.0,55.0,HI,30.0,RAMPING
2026-09-04 17:57:52,380.4,339.5774,340.00,-0.4226,29.93,1.00,2.0,18.0,55.0,HI,30.0,RAMPING
2026-09-04 17:57:53,381.8,339.6103,340.00,-0.3897,29.91,1.00,2.0,18.0,55.0,HI,30.0,RAMPING
2026-09-04 17:57:55,383.2,339.6430,340.00,-0.3570,29.88,1.00,2.0,18.0,55.0,HI,30.0,RAMPING
2026-09-04 17:57:56,384.6,339.6754,340.00,-0.3246,29.85,1.00,2.0,18.0,55.0,HI,30.0,RAMPING
2026-09-04 17:57:57,386.0,339.7093,340.00,-0.2907,29.82,1.00,2.0,18.0,55.0,HI,30.0,RAMPING
2026-09-04 17:57:59,387.4,339.7413,340.00,-0.2587,29.78,1.00,2.0,18.0,55.0,HI,30.0,RAMPING
2026-09-04 17:58:00,388.8,339.7737,340.00,-0.2263,29.73,1.00,2.0,18.0,55.0,HI,30.0,RAMPING
2026-09-04 17:58:02,390.2,339.8063,340.00,-0.1937,29.69,1.00,2.0,18.0,55.0,HI,30.0,SETTLED
2026-09-04 17:58:03,391.6,339.8386,340.00,-0.1614,29.63,1.00,2.0,18.0,55.0,HI,30.0,SETTLED
2026-09-04 17:58:05,393.0,339.8723,340.00,-0.1277,29.59,1.00,2.0,18.0,55.0,HI,30.0,SETTLED
2026-09-04 17:58:06,394.4,339.9044,340.00,-0.0956,29.52,1.00,2.0,18.0,55.0,HI,30.0,SETTLED
2026-09-04 17:58:07,395.8,339.9367,340.00,-0.0633,29.44,1.00,2.0,18.0,55.0,HI,30.0,SETTLED
2026-09-04 17:58:09,397.2,339.9700,340.00,-0.0300,29.36,1.00,2.0,18.0,55.0,HI,30.0,SETTLED
2026-09-04 17:58:10,398.7,340.0051,340.00,+0.0051,29.29,1.00,2.0,18.0,55.0,HI,30.0,SETTLED
2026-09-04 17:58:12,400.1,340.0377,340.00,+0.0377,29.23,1.00,2.0,18.0,55.0,HI,30.0,SETTLED
2026-09-04 17:58:13,401.5,340.0692,340.00,+0.0692,29.14,1.00,2.0,18.0,55.0,HI,30.0,SETTLED
2026-09-04 17:58:14,402.9,340.1008,340.00,+0.1008,29.06,1.00,2.0,18.0,55.0,HI,30.0,SETTLED
2026-09-04 17:58:16,404.3,340.1323,340.00,+0.1323,28.97,1.00,2.0,18.0,55.0,HI,30.0,SETTLED
2026-09-04 17:58:17,405.7,340.1658,340.00,+0.1658,28.87,1.00,2.0,18.0,55.0,HI,30.0,SETTLED
2026-09-04 17:58:19,407.1,340.1972,340.00,+0.1972,28.78,1.00,2.0,18.0,55.0,HI,30.0,SETTLED
2026-09-04 17:58:20,408.5,340.2286,340.00,+0.2286,28.68,1.00,2.0,18.0,55.0,HI,30.0,RAMPING
2026-09-04 17:58:21,409.9,340.2600,340.00,+0.2600,28.57,1.00,2.0,18.0,55.0,HI,30.0,RAMPING
2026-09-04 17:58:23,411.3,340.2915,340.00,+0.2915,28.46,1.00,2.0,18.0,55.0,HI,30.0,RAMPING
2026-09-04 17:58:24,412.7,340.3249,340.00,+0.3249,28.35,1.00,2.0,18.0,55.0,HI,30.0,RAMPING
2026-09-04 17:58:26,414.1,340.3562,340.00,+0.3562,28.25,1.00,2.0,18.0,55.0,HI,30.0,RAMPING
2026-09-04 17:58:27,415.5,340.3872,340.00,+0.3872,28.11,1.00,2.0,18.0,55.0,HI,30.0,RAMPING
2026-09-04 17:58:28,416.9,340.4182,340.00,+0.4182,28.00,1.00,2.0,18.0,55.0,HI,30.0,RAMPING
2026-09-04 17:58:30,418.3,340.4482,340.00,+0.4482,27.88,1.00,2.0,18.0,55.0,HI,30.0,RAMPING
2026-09-04 17:58:31,419.7,340.4806,340.00,+0.4806,27.75,1.00,2.0,18.0,55.0,HI,30.0,RAMPING
2026-09-04 17:58:33,421.1,340.5110,340.00,+0.5110,27.61,1.00,2.0,18.0,55.0,HI,30.0,RAMPING
2026-09-04 17:58:34,422.5,340.5411,340.00,+0.5411,27.48,1.00,2.0,18.0,55.0,HI,30.0,RAMPING
2026-09-04 17:58:35,423.9,340.5714,340.00,+0.5714,27.32,1.00,2.0,18.0,55.0,HI,30.0,RAMPING
2026-09-04 17:58:37,425.3,340.6038,340.00,+0.6038,27.19,1.00,2.0,18.0,55.0,HI,30.0,RAMPING
2026-09-04 17:58:38,426.7,340.6338,340.00,+0.6338,27.05,1.00,2.0,18.0,55.0,HI,30.0,RAMPING
2026-09-04 17:58:40,428.1,340.6632,340.00,+0.6632,26.89,1.00,2.0,18.0,55.0,HI,30.0,RAMPING
2026-09-04 17:58:41,429.5,340.6925,340.00,+0.6925,26.74,1.00,2.0,18.0,55.0,HI,30.0,RAMPING
2026-09-04 17:58:42,430.9,340.7216,340.00,+0.7216,26.58,1.00,2.0,18.0,55.0,HI,30.0,RAMPING
2026-09-04 17:58:44,432.3,340.7529,340.00,+0.7529,26.42,1.00,2.0,18.0,55.0,HI,30.0,RAMPING
2026-09-04 17:58:45,433.7,340.7824,340.00,+0.7824,26.26,1.00,2.0,18.0,55.0,HI,30.0,RAMPING
2026-09-04 17:58:47,435.1,340.8114,340.00,+0.8114,26.08,1.00,2.0,18.0,55.0,HI,30.0,RAMPING
2026-09-04 17:58:48,436.5,340.8403,340.00,+0.8403,25.91,1.00,2.0,18.0,55.0,HI,30.0,RAMPING
2026-09-04 17:58:49,437.9,340.8695,340.00,+0.8695,25.74,1.00,2.0,18.0,55.0,HI,30.0,RAMPING
2026-09-04 17:58:51,439.4,340.8992,340.00,+0.8992,25.57,1.00,2.0,18.0,55.0,HI,30.0,RAMPING
2026-09-04 17:58:52,440.8,340.9268,340.00,+0.9268,25.41,1.00,2.0,18.0,55.0,HI,30.0,RAMPING
2026-09-04 17:58:54,442.2,340.9544,340.00,+0.9544,25.21,1.00,2.0,18.0,55.0,HI,30.0,RAMPING
2026-09-04 17:58:55,443.6,340.9821,340.00,+0.9821,25.03,1.00,2.0,18.0,55.0,HI,30.0,RAMPING
2026-09-04 17:58:56,445.0,341.0115,340.00,+1.0115,24.84,1.00,2.0,18.0,55.0,HI,30.0,RAMPING
2026-09-04 17:58:58,446.4,341.0376,340.00,+1.0376,24.67,1.00,2.0,18.0,55.0,HI,30.0,RAMPING
2026-09-04 17:58:59,447.8,341.0638,340.00,+1.0638,24.47,1.00,2.0,18.0,55.0,HI,30.0,RAMPING
2026-09-04 17:59:01,449.2,341.0898,340.00,+1.0898,24.29,1.00,2.0,18.0,55.0,HI,30.0,RAMPING
2026-09-04 17:59:02,450.6,341.1156,340.00,+1.1156,24.08,1.00,2.0,18.0,55.0,HI,30.0,RAMPING
2026-09-04 17:59:03,452.0,341.1432,340.00,+1.1432,23.89,1.00,2.0,18.0,55.0,HI,30.0,RAMPING
2026-09-04 17:59:05,453.4,341.1690,340.00,+1.1690,23.68,1.00,2.0,18.0,55.0,HI,30.0,RAMPING
2026-09-04 17:59:06,454.8,341.1944,340.00,+1.1944,23.47,1.00,2.0,18.0,55.0,HI,30.0,RAMPING
2026-09-04 17:59:08,456.2,341.2196,340.00,+1.2196,23.27,1.00,2.0,18.0,55.0,HI,30.0,RAMPING
2026-09-04 17:59:09,457.6,341.2461,340.00,+1.2461,23.06,1.00,2.0,18.0,55.0,HI,30.0,RAMPING
2026-09-04 17:59:10,459.0,341.2711,340.00,+1.2711,22.85,1.00,2.0,18.0,55.0,HI,30.0,RAMPING
2026-09-04 17:59:12,460.4,341.2954,340.00,+1.2954,22.63,1.00,2.0,18.0,55.0,HI,30.0,RAMPING
2026-09-04 17:59:13,461.8,341.3195,340.00,+1.3195,22.41,1.00,2.0,18.0,55.0,HI,30.0,RAMPING
2026-09-04 17:59:15,463.2,341.3437,340.00,+1.3437,22.20,1.00,2.0,18.0,55.0,HI,30.0,RAMPING
2026-09-04 17:59:16,464.6,341.3681,340.00,+1.3681,22.00,1.00,2.0,18.0,55.0,HI,30.0,RAMPING
2026-09-04 17:59:17,466.0,341.3903,340.00,+1.3903,21.76,1.00,2.0,18.0,55.0,HI,30.0,RAMPING
2026-09-04 17:59:19,467.4,341.4148,340.00,+1.4148,21.53,1.00,2.0,18.0,55.0,HI,30.0,RAMPING
2026-09-04 17:59:20,468.8,341.4377,340.00,+1.4377,21.30,1.00,2.0,18.0,55.0,HI,30.0,RAMPING
2026-09-04 17:59:22,470.2,341.4600,340.00,+1.4600,21.09,1.00,2.0,18.0,55.0,HI,30.0,RAMPING
2026-09-04 17:59:23,471.6,341.4828,340.00,+1.4828,20.86,1.00,2.0,18.0,55.0,HI,30.0,RAMPING
2026-09-04 17:59:25,473.0,341.5045,340.00,+1.5045,20.63,1.00,2.0,18.0,55.0,HI,30.0,RAMPING
2026-09-04 17:59:26,474.4,341.5261,340.00,+1.5261,20.38,1.00,2.0,18.0,55.0,HI,30.0,RAMPING
2026-09-04 17:59:27,475.8,341.5473,340.00,+1.5473,20.14,1.00,2.0,18.0,55.0,HI,30.0,RAMPING
2026-09-04 17:59:29,477.3,341.5703,340.00,+1.5703,19.90,1.00,2.0,18.0,55.0,HI,30.0,RAMPING
2026-09-04 17:59:30,478.7,341.5920,340.00,+1.5920,19.66,1.00,2.0,18.0,55.0,HI,30.0,RAMPING
2026-09-04 17:59:32,480.1,341.6125,340.00,+1.6125,19.43,1.00,2.0,18.0,55.0,HI,30.0,RAMPING
2026-09-04 17:59:33,481.5,341.6331,340.00,+1.6331,19.17,1.00,2.0,18.0,55.0,HI,30.0,RAMPING
2026-09-04 17:59:34,482.9,341.6529,340.00,+1.6529,18.94,1.00,2.0,18.0,55.0,HI,30.0,RAMPING
2026-09-04 17:59:36,484.3,341.6731,340.00,+1.6731,18.69,1.00,2.0,18.0,55.0,HI,30.0,RAMPING
2026-09-04 17:59:37,485.7,341.6921,340.00,+1.6921,18.45,1.00,2.0,18.0,55.0,HI,30.0,RAMPING
2026-09-04 17:59:39,487.1,341.7112,340.00,+1.7112,18.18,1.00,2.0,18.0,55.0,HI,30.0,RAMPING
2026-09-04 17:59:40,488.5,341.7304,340.00,+1.7304,17.92,1.00,2.0,18.0,55.0,HI,30.0,RAMPING
2026-09-04 17:59:41,489.9,341.7496,340.00,+1.7496,17.67,1.00,2.0,18.0,55.0,HI,30.0,RAMPING
2026-09-04 17:59:43,491.3,341.7690,340.00,+1.7690,17.42,1.00,2.0,18.0,55.0,HI,30.0,RAMPING
2026-09-04 17:59:44,492.7,341.7869,340.00,+1.7869,17.17,1.00,2.0,18.0,55.0,HI,30.0,RAMPING
2026-09-04 17:59:46,494.1,341.8045,340.00,+1.8045,16.90,1.00,2.0,18.0,55.0,HI,30.0,RAMPING
2026-09-04 17:59:47,495.5,341.8215,340.00,+1.8215,16.64,1.00,2.0,18.0,55.0,HI,30.0,RAMPING
2026-09-04 17:59:48,496.9,341.8381,340.00,+1.8381,16.39,1.00,2.0,18.0,55.0,HI,30.0,RAMPING
2026-09-04 17:59:50,498.3,341.8551,340.00,+1.8551,16.15,1.00,2.0,18.0,55.0,HI,30.0,RAMPING
2026-09-04 17:59:51,499.7,341.8700,340.00,+1.8700,15.90,1.00,2.0,18.0,55.0,HI,30.0,RAMPING
2026-09-04 17:59:53,501.1,341.8846,340.00,+1.8846,15.62,1.00,2.0,18.0,55.0,HI,30.0,RAMPING
2026-09-04 17:59:54,502.5,341.8995,340.00,+1.8995,15.36,1.00,2.0,18.0,55.0,HI,30.0,RAMPING
2026-09-04 17:59:55,503.9,341.9150,340.00,+1.9150,15.10,1.00,2.0,18.0,55.0,HI,30.0,RAMPING
2026-09-04 17:59:57,505.3,341.9296,340.00,+1.9296,14.82,1.00,2.0,18.0,55.0,HI,30.0,RAMPING
2026-09-04 17:59:58,506.7,341.9442,340.00,+1.9442,14.54,1.00,2.0,18.0,55.0,HI,30.0,RAMPING
2026-09-04 18:00:00,508.1,341.9588,340.00,+1.9588,14.28,1.00,2.0,18.0,55.0,HI,30.0,RAMPING
2026-09-04 18:00:01,509.5,341.9735,340.00,+1.9735,14.02,1.00,2.0,18.0,55.0,HI,30.0,RAMPING
2026-09-04 18:00:02,511.0,341.9870,340.00,+1.9870,13.75,1.00,2.0,18.0,55.0,HI,30.0,RAMPING
2026-09-04 18:00:04,512.4,342.0005,340.00,+2.0005,13.47,1.00,2.0,18.0,55.0,HI,30.0,RAMPING
2026-09-04 18:00:05,513.8,342.0128,340.00,+2.0128,13.21,1.00,2.0,18.0,55.0,HI,30.0,RAMPING
2026-09-04 18:00:07,515.2,342.0243,340.00,+2.0243,12.96,1.00,2.0,18.0,55.0,HI,30.0,RAMPING
2026-09-04 18:00:08,516.6,342.0356,340.00,+2.0356,12.69,1.00,2.0,18.0,55.0,HI,30.0,RAMPING
2026-09-04 18:00:09,518.0,342.0461,340.00,+2.0461,12.43,1.00,2.0,18.0,55.0,HI,30.0,RAMPING
2026-09-04 18:00:11,519.4,342.0560,340.00,+2.0560,12.14,1.00,2.0,18.0,55.0,HI,30.0,RAMPING
2026-09-04 18:00:12,520.8,342.0659,340.00,+2.0659,11.89,1.00,2.0,18.0,55.0,HI,30.0,RAMPING
2026-09-04 18:00:14,522.2,342.0760,340.00,+2.0760,11.61,1.00,2.0,18.0,55.0,HI,30.0,RAMPING
2026-09-04 18:00:15,523.6,342.0862,340.00,+2.0862,11.34,1.00,2.0,18.0,55.0,HI,30.0,RAMPING
2026-09-04 18:00:16,525.0,342.0958,340.00,+2.0958,11.08,1.00,2.0,18.0,55.0,HI,30.0,RAMPING
2026-09-04 18:00:18,526.4,342.1054,340.00,+2.1054,10.78,1.00,2.0,18.0,55.0,HI,30.0,RAMPING
2026-09-04 18:00:19,527.8,342.1141,340.00,+2.1141,10.52,1.00,2.0,18.0,55.0,HI,30.0,RAMPING
2026-09-04 18:00:21,529.2,342.1229,340.00,+2.1229,10.25,1.00,2.0,18.0,55.0,HI,30.0,RAMPING
2026-09-04 18:00:22,530.6,342.1318,340.00,+2.1318,9.96,1.00,2.0,18.0,55.0,HI,30.0,RAMPING
2026-09-04 18:00:23,532.0,342.1405,340.00,+2.1405,9.68,1.00,2.0,18.0,55.0,HI,30.0,RAMPING
2026-09-04 18:00:25,533.4,342.1490,340.00,+2.1490,9.41,1.00,2.0,18.0,55.0,HI,30.0,RAMPING
2026-09-04 18:00:26,534.8,342.1565,340.00,+2.1565,9.14,1.00,2.0,18.0,55.0,HI,30.0,RAMPING
2026-09-04 18:00:28,536.2,342.1636,340.00,+2.1636,8.88,1.00,2.0,18.0,55.0,HI,30.0,RAMPING
2026-09-04 18:00:29,537.6,342.1701,340.00,+2.1701,8.61,1.00,2.0,18.0,55.0,HI,30.0,RAMPING
2026-09-04 18:00:30,539.0,342.1759,340.00,+2.1759,8.33,1.00,2.0,18.0,55.0,HI,30.0,RAMPING
2026-09-04 18:00:32,540.4,342.1818,340.00,+2.1818,8.04,1.00,2.0,18.0,55.0,HI,30.0,RAMPING
2026-09-04 18:00:33,541.8,342.1881,340.00,+2.1881,7.77,1.00,2.0,18.0,55.0,HI,30.0,RAMPING
2026-09-04 18:00:35,543.2,342.1934,340.00,+2.1934,7.52,1.00,2.0,18.0,55.0,HI,30.0,RAMPING
2026-09-04 18:00:36,544.6,342.1972,340.00,+2.1972,7.25,1.00,2.0,18.0,55.0,HI,30.0,RAMPING
2026-09-04 18:00:38,546.0,342.2010,340.00,+2.2010,6.97,1.00,2.0,18.0,55.0,HI,30.0,RAMPING
2026-09-04 18:00:39,547.4,342.2046,340.00,+2.2046,6.70,1.00,2.0,18.0,55.0,HI,30.0,RAMPING
2026-09-04 18:00:40,548.9,342.2084,340.00,+2.2084,6.44,1.00,2.0,18.0,55.0,HI,30.0,RAMPING
2026-09-04 18:00:42,550.3,342.2110,340.00,+2.2110,6.17,1.00,2.0,18.0,55.0,HI,30.0,RAMPING
2026-09-04 18:00:43,551.7,342.2135,340.00,+2.2135,5.89,1.00,2.0,18.0,55.0,HI,30.0,RAMPING
2026-09-04 18:00:45,553.1,342.2161,340.00,+2.2161,5.62,1.00,2.0,18.0,55.0,HI,30.0,RAMPING
2026-09-04 18:00:46,554.5,342.2194,340.00,+2.2194,5.34,1.00,2.0,18.0,55.0,HI,30.0,RAMPING
2026-09-04 18:00:47,555.9,342.2223,340.00,+2.2223,5.08,1.00,2.0,18.0,55.0,HI,30.0,RAMPING
2026-09-04 18:00:49,557.3,342.2248,340.00,+2.2248,4.80,1.00,2.0,18.0,55.0,HI,30.0,RAMPING
2026-09-04 18:00:50,558.7,342.2266,340.00,+2.2266,4.53,1.00,2.0,18.0,55.0,HI,30.0,RAMPING
2026-09-04 18:00:52,560.1,342.2283,340.00,+2.2283,4.26,1.00,2.0,18.0,55.0,HI,30.0,RAMPING
2026-09-04 18:00:53,561.5,342.2298,340.00,+2.2298,3.99,1.00,2.0,18.0,55.0,HI,30.0,RAMPING
2026-09-04 18:00:54,562.9,342.2313,340.00,+2.2313,3.73,1.00,2.0,18.0,55.0,HI,30.0,RAMPING
2026-09-04 18:00:56,564.3,342.2327,340.00,+2.2327,3.45,1.00,2.0,18.0,55.0,HI,30.0,RAMPING
2026-09-04 18:00:57,565.7,342.2337,340.00,+2.2337,3.19,1.00,2.0,18.0,55.0,HI,30.0,RAMPING
2026-09-04 18:00:59,567.1,342.2336,340.00,+2.2336,2.93,1.00,2.0,18.0,55.0,HI,30.0,RAMPING
2026-09-04 18:01:00,568.5,342.2334,340.00,+2.2334,2.67,1.00,2.0,18.0,55.0,HI,30.0,RAMPING
2026-09-04 18:01:01,569.9,342.2323,340.00,+2.2323,2.41,1.00,2.0,18.0,55.0,HI,30.0,RAMPING
2026-09-04 18:01:03,571.3,342.2307,340.00,+2.2307,2.14,1.00,2.0,18.0,55.0,HI,30.0,RAMPING
2026-09-04 18:01:04,572.7,342.2289,340.00,+2.2289,1.88,1.00,2.0,18.0,55.0,HI,30.0,RAMPING
2026-09-04 18:01:06,574.1,342.2271,340.00,+2.2271,1.62,1.00,2.0,18.0,55.0,HI,30.0,RAMPING
2026-09-04 18:01:07,575.5,342.2248,340.00,+2.2248,1.37,1.00,2.0,18.0,55.0,HI,30.0,RAMPING
2026-09-04 18:01:08,576.9,342.2225,340.00,+2.2225,1.12,1.00,2.0,18.0,55.0,HI,30.0,RAMPING
2026-09-04 18:01:10,578.3,342.2193,340.00,+2.2193,0.85,1.00,2.0,18.0,55.0,HI,30.0,RAMPING
2026-09-04 18:01:11,579.7,342.2163,340.00,+2.2163,0.59,1.00,2.0,18.0,55.0,HI,30.0,RAMPING
2026-09-04 18:01:13,581.1,342.2176,340.00,+2.2176,0.24,1.00,2.0,18.0,55.0,HI,30.0,RAMPING
2026-09-04 18:01:14,582.5,342.2192,340.00,+2.2192,0.03,1.00,2.0,18.0,55.0,HI,30.0,RAMPING
2026-09-04 18:01:15,583.9,342.2159,340.00,+2.2159,0.00,1.00,2.0,18.0,55.0,HI,30.0,RAMPING
2026-09-04 18:01:17,585.4,342.2122,340.00,+2.2122,0.00,1.00,2.0,18.0,55.0,HI,30.0,RAMPING
2026-09-04 18:01:18,586.8,342.2077,340.00,+2.2077,0.00,1.00,2.0,18.0,55.0,HI,30.0,RAMPING
2026-09-04 18:01:20,588.2,342.2020,340.00,+2.2020,0.00,1.00,2.0,18.0,55.0,HI,30.0,RAMPING
2026-09-04 18:01:21,589.6,342.1964,340.00,+2.1964,0.00,1.00,2.0,18.0,55.0,HI,30.0,RAMPING
2026-09-04 18:01:22,591.0,342.1915,340.00,+2.1915,0.00,1.00,2.0,18.0,55.0,HI,30.0,RAMPING
2026-09-04 18:01:24,592.4,342.1862,340.00,+2.1862,0.00,1.00,2.0,18.0,55.0,HI,30.0,RAMPING
2026-09-04 18:01:25,593.8,342.1796,340.00,+2.1796,0.00,1.00,2.0,18.0,55.0,HI,30.0,RAMPING
2026-09-04 18:01:27,595.2,342.1724,340.00,+2.1724,0.00,1.00,2.0,18.0,55.0,HI,30.0,RAMPING
2026-09-04 18:01:28,596.6,342.1659,340.00,+2.1659,0.00,1.00,2.0,18.0,55.0,HI,30.0,RAMPING
2026-09-04 18:01:29,598.0,342.1598,340.00,+2.1598,0.00,1.00,2.0,18.0,55.0,HI,30.0,RAMPING
2026-09-04 18:01:31,599.4,342.1532,340.00,+2.1532,0.00,1.00,2.0,18.0,55.0,HI,30.0,RAMPING
2026-09-04 18:01:32,600.8,342.1473,340.00,+2.1473,0.00,1.00,2.0,18.0,55.0,HI,30.0,RAMPING
2026-09-04 18:01:34,602.2,342.1404,340.00,+2.1404,0.00,1.00,2.0,18.0,55.0,HI,30.0,RAMPING
2026-09-04 18:01:35,603.6,342.1338,340.00,+2.1338,0.00,1.00,2.0,18.0,55.0,HI,30.0,RAMPING
2026-09-04 18:01:36,605.0,342.1276,340.00,+2.1276,0.00,1.00,2.0,18.0,55.0,HI,30.0,RAMPING
2026-09-04 18:01:38,606.4,342.1216,340.00,+2.1216,0.00,1.00,2.0,18.0,55.0,HI,30.0,RAMPING
2026-09-04 18:01:39,607.8,342.1154,340.00,+2.1154,0.00,1.00,2.0,18.0,55.0,HI,30.0,RAMPING
2026-09-04 18:01:41,609.2,342.1087,340.00,+2.1087,0.00,1.00,2.0,18.0,55.0,HI,30.0,RAMPING
2026-09-04 18:01:42,610.6,342.1007,340.00,+2.1007,0.00,1.00,2.0,18.0,55.0,HI,30.0,RAMPING
2026-09-04 18:01:43,612.0,342.0925,340.00,+2.0925,0.00,1.00,2.0,18.0,55.0,HI,30.0,RAMPING
2026-09-04 18:01:45,613.4,342.0849,340.00,+2.0849,0.00,1.00,2.0,18.0,55.0,HI,30.0,RAMPING
2026-09-04 18:01:46,614.8,342.0770,340.00,+2.0770,0.00,1.00,2.0,18.0,55.0,HI,30.0,RAMPING
2026-09-04 18:01:48,616.2,342.0702,340.00,+2.0702,0.00,1.00,2.0,18.0,55.0,HI,30.0,RAMPING
2026-09-04 18:01:49,617.6,342.0633,340.00,+2.0633,0.00,1.00,2.0,18.0,55.0,HI,30.0,RAMPING
2026-09-04 18:01:50,619.0,342.0562,340.00,+2.0562,0.00,1.00,2.0,18.0,55.0,HI,30.0,RAMPING
2026-09-04 18:01:52,620.4,342.0491,340.00,+2.0491,0.00,1.00,2.0,18.0,55.0,HI,30.0,RAMPING
2026-09-04 18:01:53,621.8,342.0415,340.00,+2.0415,0.00,1.00,2.0,18.0,55.0,HI,30.0,RAMPING
2026-09-04 18:01:55,623.2,342.0348,340.00,+2.0348,0.00,1.00,2.0,18.0,55.0,HI,30.0,RAMPING
2026-09-04 18:01:56,624.6,342.0274,340.00,+2.0274,0.00,1.00,2.0,18.0,55.0,HI,30.0,RAMPING
2026-09-04 18:01:58,626.0,342.0194,340.00,+2.0194,0.00,1.00,2.0,18.0,55.0,HI,30.0,RAMPING
2026-09-04 18:01:59,627.5,342.0110,340.00,+2.0110,0.00,1.00,2.0,18.0,55.0,HI,30.0,RAMPING
2026-09-04 18:02:00,628.9,342.0031,340.00,+2.0031,0.00,1.00,2.0,18.0,55.0,HI,30.0,RAMPING
2026-09-04 18:02:02,630.3,341.9963,340.00,+1.9963,0.00,1.00,2.0,18.0,55.0,HI,30.0,RAMPING
2026-09-04 18:02:03,631.7,341.9896,340.00,+1.9896,0.00,1.00,2.0,18.0,55.0,HI,30.0,RAMPING
2026-09-04 18:02:05,633.1,341.9834,340.00,+1.9834,0.00,1.00,2.0,18.0,55.0,HI,30.0,RAMPING
2026-09-04 18:02:06,634.5,341.9765,340.00,+1.9765,0.00,1.00,2.0,18.0,55.0,HI,30.0,RAMPING
2026-09-04 18:02:07,635.9,341.9697,340.00,+1.9697,0.00,1.00,2.0,18.0,55.0,HI,30.0,RAMPING
2026-09-04 18:02:09,637.3,341.9628,340.00,+1.9628,0.00,1.00,2.0,18.0,55.0,HI,30.0,RAMPING
2026-09-04 18:02:10,638.7,341.9565,340.00,+1.9565,0.00,1.00,2.0,18.0,55.0,HI,30.0,RAMPING
2026-09-04 18:02:12,640.1,341.9500,340.00,+1.9500,0.00,1.00,2.0,18.0,55.0,HI,30.0,RAMPING
2026-09-04 18:02:13,641.5,341.9425,340.00,+1.9425,0.00,1.00,2.0,18.0,55.0,HI,30.0,RAMPING
2026-09-04 18:02:14,642.9,341.9351,340.00,+1.9351,0.00,1.00,2.0,18.0,55.0,HI,30.0,RAMPING
2026-09-04 18:02:16,644.3,341.9277,340.00,+1.9277,0.00,1.00,2.0,18.0,55.0,HI,30.0,RAMPING
2026-09-04 18:02:17,645.7,341.9199,340.00,+1.9199,0.00,1.00,2.0,18.0,55.0,HI,30.0,RAMPING
2026-09-04 18:02:19,647.1,341.9123,340.00,+1.9123,0.00,1.00,2.0,18.0,55.0,HI,30.0,RAMPING
2026-09-04 18:02:20,648.5,341.9048,340.00,+1.9048,0.00,1.00,2.0,18.0,55.0,HI,30.0,RAMPING
2026-09-04 18:02:21,649.9,341.8976,340.00,+1.8976,0.00,1.00,2.0,18.0,55.0,HI,30.0,RAMPING
2026-09-04 18:02:23,651.3,341.8915,340.00,+1.8915,0.00,1.00,2.0,18.0,55.0,HI,30.0,RAMPING
2026-09-04 18:02:24,652.7,341.8853,340.00,+1.8853,0.00,1.00,2.0,18.0,55.0,HI,30.0,RAMPING
2026-09-04 18:02:26,654.1,341.8787,340.00,+1.8787,0.00,1.00,2.0,18.0,55.0,HI,30.0,RAMPING
2026-09-04 18:02:27,655.6,341.8720,340.00,+1.8720,0.00,1.00,2.0,18.0,55.0,HI,30.0,RAMPING
2026-09-04 18:02:28,657.0,341.8651,340.00,+1.8651,0.00,1.00,2.0,18.0,55.0,HI,30.0,RAMPING
2026-09-04 18:02:30,658.4,341.8583,340.00,+1.8583,0.00,1.00,2.0,18.0,55.0,HI,30.0,RAMPING
2026-09-04 18:02:31,659.8,341.8510,340.00,+1.8510,0.00,1.00,2.0,18.0,55.0,HI,30.0,RAMPING
2026-09-04 18:02:33,661.2,341.8435,340.00,+1.8435,0.00,1.00,2.0,18.0,55.0,HI,30.0,RAMPING
2026-09-04 18:02:34,662.6,341.8358,340.00,+1.8358,0.00,1.00,2.0,18.0,55.0,HI,30.0,RAMPING
2026-09-04 18:02:35,664.0,341.8282,340.00,+1.8282,0.00,1.00,2.0,18.0,55.0,HI,30.0,RAMPING
2026-09-04 18:02:37,665.4,341.8207,340.00,+1.8207,0.00,1.00,2.0,18.0,55.0,HI,30.0,RAMPING
2026-09-04 18:02:38,666.8,341.8137,340.00,+1.8137,0.00,1.00,2.0,18.0,55.0,HI,30.0,RAMPING
2026-09-04 18:02:40,668.2,341.8064,340.00,+1.8064,0.00,1.00,2.0,18.0,55.0,HI,30.0,RAMPING
2026-09-04 18:02:41,669.6,341.7991,340.00,+1.7991,0.00,1.00,2.0,18.0,55.0,HI,30.0,RAMPING
2026-09-04 18:02:42,671.0,341.7923,340.00,+1.7923,0.00,1.00,2.0,18.0,55.0,HI,30.0,RAMPING
2026-09-04 18:02:44,672.4,341.7847,340.00,+1.7847,0.00,1.00,2.0,18.0,55.0,HI,30.0,RAMPING
2026-09-04 18:02:45,673.8,341.7774,340.00,+1.7774,0.00,1.00,2.0,18.0,55.0,HI,30.0,RAMPING
2026-09-04 18:02:47,675.2,341.7707,340.00,+1.7707,0.00,1.00,2.0,18.0,55.0,HI,30.0,RAMPING
2026-09-04 18:02:48,676.6,341.7642,340.00,+1.7642,0.00,1.00,2.0,18.0,55.0,HI,30.0,RAMPING
2026-09-04 18:02:49,678.0,341.7569,340.00,+1.7569,0.00,1.00,2.0,18.0,55.0,HI,30.0,RAMPING
2026-09-04 18:02:51,679.4,341.7493,340.00,+1.7493,0.00,1.00,2.0,18.0,55.0,HI,30.0,RAMPING
2026-09-04 18:02:52,680.8,341.7413,340.00,+1.7413,0.00,1.00,2.0,18.0,55.0,HI,30.0,RAMPING
2026-09-04 18:02:54,682.2,341.7343,340.00,+1.7343,0.00,1.00,2.0,18.0,55.0,HI,30.0,RAMPING
2026-09-04 18:02:55,683.6,341.7271,340.00,+1.7271,0.00,1.00,2.0,18.0,55.0,HI,30.0,RAMPING
2026-09-04 18:02:56,685.0,341.7199,340.00,+1.7199,0.00,1.00,2.0,18.0,55.0,HI,30.0,RAMPING
2026-09-04 18:02:58,686.4,341.7133,340.00,+1.7133,0.00,1.00,2.0,18.0,55.0,HI,30.0,RAMPING
2026-09-04 18:02:59,687.8,341.7064,340.00,+1.7064,0.00,1.00,2.0,18.0,55.0,HI,30.0,RAMPING
2026-09-04 18:03:01,689.2,341.6987,340.00,+1.6987,0.00,1.00,2.0,18.0,55.0,HI,30.0,RAMPING
2026-09-04 18:03:02,690.6,341.6914,340.00,+1.6914,0.00,1.00,2.0,18.0,55.0,HI,30.0,RAMPING
2026-09-04 18:03:04,692.0,341.6846,340.00,+1.6846,0.00,1.00,2.0,18.0,55.0,HI,30.0,RAMPING
2026-09-04 18:03:05,693.4,341.6768,340.00,+1.6768,0.00,1.00,2.0,18.0,55.0,HI,30.0,RAMPING
2026-09-04 18:03:06,694.8,341.6693,340.00,+1.6693,0.00,1.00,2.0,18.0,55.0,HI,30.0,RAMPING
2026-09-04 18:03:08,696.3,341.6615,340.00,+1.6615,0.00,1.00,2.0,18.0,55.0,HI,30.0,RAMPING
2026-09-04 18:03:09,697.7,341.6539,340.00,+1.6539,0.00,1.00,2.0,18.0,55.0,HI,30.0,RAMPING
2026-09-04 18:03:11,699.1,341.6464,340.00,+1.6464,0.00,1.00,2.0,18.0,55.0,HI,30.0,RAMPING
2026-09-04 18:03:12,700.5,341.6384,340.00,+1.6384,0.00,1.00,2.0,18.0,55.0,HI,30.0,RAMPING
2026-09-04 18:03:13,701.9,341.6306,340.00,+1.6306,0.00,1.00,2.0,18.0,55.0,HI,30.0,RAMPING
2026-09-04 18:03:15,703.3,341.6232,340.00,+1.6232,0.00,1.00,2.0,18.0,55.0,HI,30.0,RAMPING
2026-09-04 18:03:16,704.7,341.6158,340.00,+1.6158,0.00,1.00,2.0,18.0,55.0,HI,30.0,RAMPING
2026-09-04 18:03:18,706.1,341.6078,340.00,+1.6078,0.00,1.00,2.0,18.0,55.0,HI,30.0,RAMPING
2026-09-04 18:03:19,707.5,341.6001,340.00,+1.6001,0.00,1.00,2.0,18.0,55.0,HI,30.0,RAMPING
2026-09-04 18:03:20,708.9,341.5923,340.00,+1.5923,0.00,1.00,2.0,18.0,55.0,HI,30.0,RAMPING
2026-09-04 18:03:22,710.3,341.5851,340.00,+1.5851,0.00,1.00,2.0,18.0,55.0,HI,30.0,RAMPING
2026-09-04 18:03:23,711.7,341.5782,340.00,+1.5782,0.00,1.00,2.0,18.0,55.0,HI,30.0,RAMPING
2026-09-04 18:03:25,713.1,341.5712,340.00,+1.5712,0.00,1.00,2.0,18.0,55.0,HI,30.0,RAMPING
2026-09-04 18:03:26,714.5,341.5639,340.00,+1.5639,0.00,1.00,2.0,18.0,55.0,HI,30.0,RAMPING
2026-09-04 18:03:27,715.9,341.5568,340.00,+1.5568,0.00,1.00,2.0,18.0,55.0,HI,30.0,RAMPING
2026-09-04 18:03:29,717.3,341.5496,340.00,+1.5496,0.00,1.00,2.0,18.0,55.0,HI,30.0,RAMPING
2026-09-04 18:03:30,718.7,341.5415,340.00,+1.5415,0.00,1.00,2.0,18.0,55.0,HI,30.0,RAMPING
